Austin|Alexander Albon	1	421.000	421	421
Austin|Antonio Giovinazzi	2	434.000	433	435
Austin|Carlos Sainz	2	420.000	417	423
Austin|Charles Leclerc	2	422.000	418	426
Austin|Daniel Ricciardo	1	410.000	410	410
Austin|Daniil Kvyat	2	425.000	424	426
Austin|Esteban Ocon	2	425.000	422	428
Austin|George Russell	2	420.000	420	420
Austin|Kevin Magnussen	2	427.000	418	436
Austin|Kimi Räikkönen	2	426.500	425	428
Austin|Lance Stroll	1	425.000	425	425
Austin|Lando Norris	2	425.000	424	426
Austin|Lewis Hamilton	1	437.000	437	437
Austin|Max Verstappen	1	421.000	421	421
Austin|Nicholas Latifi	2	471.500	422	521
Austin|Pierre Gasly	2	424.000	424	424
Austin|Romain Grosjean	2	443.500	431	456
Austin|Sebastian Vettel	2	422.500	422	423
Austin|Sergio Perez	1	435.000	435	435
Austin|Valtteri Bottas	1	421.000	421	421
Baku|Alexander Albon	1	359.000	359	359
Baku|Antonio Giovinazzi	1	417.000	417	417
Baku|Carlos Sainz	1	352.000	352	352
Baku|Charles Leclerc	2	362.500	361	364
Baku|Daniel Ricciardo	1	363.000	363	363
Baku|Daniil Kvyat	2	428.500	363	494
Baku|Esteban Ocon	2	368.500	362	375
Baku|George Russell	1	360.000	360	360
Baku|Kevin Magnussen	1	373.000	373	373
Baku|Kimi Räikkönen	1	369.000	369	369
Baku|Lance Stroll	1	367.000	367	367
Baku|Lando Norris	1	360.000	360	360
Baku|Lewis Hamilton	1	359.000	359	359
Baku|Max Verstappen	1	350.000	350	350
Baku|Nicholas Latifi	1	359.000	359	359
Baku|Pierre Gasly	1	373.000	373	373
Baku|Romain Grosjean	1	365.000	365	365
Baku|Sebastian Vettel	1	365.000	365	365
Baku|Sergio Perez	1	516.000	516	516
Baku|Valtteri Bottas	2	365.500	365	366
Brazil|Alexander Albon	1	382.000	382	382
Brazil|Antonio Giovinazzi	1	397.000	397	397
Brazil|Carlos Sainz	1	394.000	394	394
Brazil|Charles Leclerc	1	396.000	396	396
Brazil|Daniel Ricciardo	1	387.000	387	387
Brazil|Daniil Kvyat	1	402.000	402	402
Brazil|Esteban Ocon	1	391.000	391	391
Brazil|George Russell	1	388.000	388	388
Brazil|Kevin Magnussen	1	395.000	395	395
Brazil|Kimi Räikkönen	1	395.000	395	395
Brazil|Lance Stroll	1	382.000	382	382
Brazil|Lando Norris	1	393.000	393	393
Brazil|Lewis Hamilton	1	404.000	404	404
Brazil|Max Verstappen	1	381.000	381	381
Brazil|Nicholas Latifi	1	386.000	386	386
Brazil|Pierre Gasly	1	389.000	389	389
Brazil|Romain Grosjean	1	400.000	400	400
Brazil|Sebastian Vettel	1	390.000	390	390
Brazil|Sergio Perez	1	388.000	388	388
Brazil|Valtteri Bottas	2	388.500	388	389
Catalunya|Alexander Albon	1	391.000	391	391
Catalunya|Antonio Giovinazzi	1	398.000	398	398
Catalunya|Carlos Sainz	1	447.000	447	447
Catalunya|Charles Leclerc	1	584.000	584	584
Catalunya|Daniel Ricciardo	1	407.000	407	407
Catalunya|Daniil Kvyat	1	402.000	402	402
Catalunya|Esteban Ocon	1	397.000	397	397
Catalunya|George Russell	1	397.000	397	397
Catalunya|Kevin Magnussen	1	411.000	411	411
Catalunya|Kimi Räikkönen	1	410.000	410	410
Catalunya|Lance Stroll	1	484.000	484	484
Catalunya|Lewis Hamilton	1	429.000	429	429
Catalunya|Max Verstappen	1	585.000	585	585
Catalunya|Nicholas Latifi	1	396.000	396	396
Catalunya|Pierre Gasly	1	398.000	398	398
Catalunya|Romain Grosjean	1	398.000	398	398
Catalunya|Sebastian Vettel	1	394.000	394	394
Catalunya|Sergio Perez	1	400.000	400	400
Catalunya|Valtteri Bottas	1	627.000	627	627
Hanoi|Alexander Albon	2	620.500	617	624
Hanoi|Antonio Giovinazzi	2	631.000	627	635
Hanoi|Carlos Sainz	2	622.500	619	626
Hanoi|Charles Leclerc	2	625.500	621	630
Hanoi|Daniel Ricciardo	2	623.000	619	627
Hanoi|Daniil Kvyat	2	630.000	621	639
Hanoi|Esteban Ocon	2	630.000	626	634
Hanoi|George Russell	2	621.500	621	622
Hanoi|Kevin Magnussen	2	631.500	631	632
Hanoi|Kimi Räikkönen	2	627.000	622	632
Hanoi|Lance Stroll	2	661.000	634	688
Hanoi|Lando Norris	2	624.500	623	626
Hanoi|Lewis Hamilton	2	751.500	689	814
Hanoi|Max Verstappen	2	621.000	620	622
Hanoi|Nicholas Latifi	2	620.000	617	623
Hanoi|Pierre Gasly	2	625.500	624	627
Hanoi|Sebastian Vettel	2	688.500	638	739
Hanoi|Sergio Perez	2	636.000	627	645
Hanoi|Valtteri Bottas	2	634.500	628	641
Hungaroring|Alexander Albon	1	397.000	397	397
Hungaroring|Antonio Giovinazzi	1	429.000	429	429
Hungaroring|Charles Leclerc	2	403.500	403	404
Hungaroring|Daniel Ricciardo	1	409.000	409	409
Hungaroring|Daniil Kvyat	1	411.000	411	411
Hungaroring|Esteban Ocon	1	403.000	403	403
Hungaroring|George Russell	2	401.000	400	402
Hungaroring|Kevin Magnussen	1	412.000	412	412
Hungaroring|Kimi Räikkönen	1	406.000	406	406
Hungaroring|Lance Stroll	1	402.000	402	402
Hungaroring|Lando Norris	1	400.000	400	400
Hungaroring|Lewis Hamilton	1	409.000	409	409
Hungaroring|Nicholas Latifi	1	397.000	397	397
Hungaroring|Pierre Gasly	1	405.000	405	405
Hungaroring|Romain Grosjean	1	404.000	404	404
Hungaroring|Sebastian Vettel	1	399.000	399	399
Hungaroring|Sergio Perez	1	406.000	406	406
Hungaroring|Valtteri Bottas	2	499.000	403	595
Marina Bay|Alexander Albon	2	500.000	497	503
Marina Bay|Antonio Giovinazzi	2	502.500	495	510
Marina Bay|Carlos Sainz	1	495.000	495	495
Marina Bay|Charles Leclerc	1	489.000	489	489
Marina Bay|Daniel Ricciardo	1	504.000	504	504
Marina Bay|Daniil Kvyat	1	499.000	499	499
Marina Bay|Esteban Ocon	1	507.000	507	507
Marina Bay|George Russell	1	497.000	497	497
Marina Bay|Kevin Magnussen	1	554.000	554	554
Marina Bay|Kimi Räikkönen	1	506.000	506	506
Marina Bay|Lance Stroll	1	502.000	502	502
Marina Bay|Lando Norris	1	497.000	497	497
Marina Bay|Lewis Hamilton	2	497.500	496	499
Marina Bay|Max Verstappen	2	497.500	497	498
Marina Bay|Nicholas Latifi	1	494.000	494	494
Marina Bay|Pierre Gasly	1	503.000	503	503
Marina Bay|Romain Grosjean	2	501.500	501	502
Marina Bay|Sebastian Vettel	1	502.000	502	502
Marina Bay|Sergio Perez	1	508.000	508	508
Marina Bay|Valtteri Bottas	2	589.000	494	684
Melbourne|Alexander Albon	1	479.000	479	479
Melbourne|Antonio Giovinazzi	2	409.500	409	410
Melbourne|Carlos Sainz	1	397.000	397	397
Melbourne|Charles Leclerc	1	407.000	407	407
Melbourne|Daniel Ricciardo	1	400.000	400	400
Melbourne|Daniil Kvyat	1	407.000	407	407
Melbourne|Esteban Ocon	1	396.000	396	396
Melbourne|George Russell	1	395.000	395	395
Melbourne|Kevin Magnussen	1	422.000	422	422
Melbourne|Kimi Räikkönen	2	404.500	401	408
Melbourne|Lance Stroll	1	422.000	422	422
Melbourne|Lando Norris	1	398.000	398	398
Melbourne|Lewis Hamilton	1	404.000	404	404
Melbourne|Max Verstappen	1	397.000	397	397
Melbourne|Nicholas Latifi	1	398.000	398	398
Melbourne|Pierre Gasly	1	398.000	398	398
Melbourne|Romain Grosjean	1	446.000	446	446
Melbourne|Sebastian Vettel	1	408.000	408	408
Melbourne|Sergio Perez	1	486.000	486	486
Melbourne|Valtteri Bottas	2	398.000	397	399
Mexico|Alexander Albon	2	435.000	434	436
Mexico|Antonio Giovinazzi	2	431.000	431	431
Mexico|Carlos Sainz	2	435.500	435	436
Mexico|Charles Leclerc	2	426.500	426	427
Mexico|Daniel Ricciardo	2	435.000	434	436
Mexico|Daniil Kvyat	2	495.500	435	556
Mexico|Esteban Ocon	2	438.000	437	439
Mexico|George Russell	2	431.500	431	432
Mexico|Kevin Magnussen	2	513.500	438	589
Mexico|Lance Stroll	2	445.000	435	455
Mexico|Lando Norris	2	435.000	430	440
Mexico|Lewis Hamilton	2	437.000	436	438
Mexico|Nicholas Latifi	2	471.500	428	515
Mexico|Pierre Gasly	2	434.000	430	438
Mexico|Romain Grosjean	2	532.500	441	624
Mexico|Sebastian Vettel	2	433.000	432	434
Mexico|Sergio Perez	2	440.000	438	442
Mexico|Valtteri Bottas	2	432.000	431	433
Monaco|Alexander Albon	1	431.000	431	431
Monaco|Antonio Giovinazzi	1	432.000	432	432
Monaco|Carlos Sainz	1	425.000	425	425
Monaco|Charles Leclerc	1	428.000	428	428
Monaco|Daniel Ricciardo	1	433.000	433	433
Monaco|Daniil Kvyat	1	428.000	428	428
Monaco|Esteban Ocon	1	551.000	551	551
Monaco|George Russell	1	420.000	420	420
Monaco|Kevin Magnussen	1	436.000	436	436
Monaco|Kimi Räikkönen	1	433.000	433	433
Monaco|Lance Stroll	1	434.000	434	434
Monaco|Lando Norris	1	433.000	433	433
Monaco|Lewis Hamilton	1	484.000	484	484
Monaco|Max Verstappen	1	428.000	428	428
Monaco|Pierre Gasly	1	427.000	427	427
Monaco|Romain Grosjean	1	435.000	435	435
Monaco|Sebastian Vettel	1	429.000	429	429
Monaco|Sergio Perez	1	436.000	436	436
Monaco|Valtteri Bottas	2	429.500	428	431
Montreal|Alexander Albon	2	432.500	432	433
Montreal|Antonio Giovinazzi	2	435.000	431	439
Montreal|Carlos Sainz	2	432.000	429	435
Montreal|Charles Leclerc	2	434.500	430	439
Montreal|Daniel Ricciardo	2	431.000	425	437
Montreal|Daniil Kvyat	2	430.000	423	437
Montreal|Esteban Ocon	2	427.500	419	436
Montreal|George Russell	2	537.500	428	647
Montreal|Kevin Magnussen	2	434.000	430	438
Montreal|Kimi Räikkönen	2	433.000	430	436
Montreal|Lance Stroll	2	433.000	433	433
Montreal|Lando Norris	2	430.500	430	431
Montreal|Lewis Hamilton	2	434.000	429	439
Montreal|Max Verstappen	2	438.500	426	451
Montreal|Nicholas Latifi	2	433.000	428	438
Montreal|Pierre Gasly	2	435.500	435	436
Montreal|Romain Grosjean	2	494.000	468	520
Montreal|Sebastian Vettel	2	443.500	431	456
Montreal|Sergio Perez	3	436.667	434	439
Montreal|Valtteri Bottas	2	433.000	432	434
Monza|Antonio Giovinazzi	1	871.000	871	871
Monza|Carlos Sainz	1	465.000	465	465
Monza|Charles Leclerc	1	462.000	462	462
Monza|Daniel Ricciardo	1	598.000	598	598
Monza|Daniil Kvyat	1	469.000	469	469
Monza|Esteban Ocon	1	471.000	471	471
Monza|George Russell	1	801.000	801	801
Monza|Kevin Magnussen	1	674.000	674	674
Monza|Kimi Räikkönen	1	581.000	581	581
Monza|Lance Stroll	1	470.000	470	470
Monza|Lando Norris	1	466.000	466	466
Monza|Lewis Hamilton	1	469.000	469	469
Monza|Max Verstappen	1	465.000	465	465
Monza|Nicholas Latifi	1	572.000	572	572
Monza|Pierre Gasly	1	589.000	589	589
Monza|Romain Grosjean	1	608.000	608	608
Monza|Sergio Perez	1	464.000	464	464
Monza|Valtteri Bottas	1	469.000	469	469
Paul Ricard|Alexander Albon	1	569.000	569	569
Paul Ricard|Antonio Giovinazzi	1	578.000	578	578
Paul Ricard|Carlos Sainz	1	577.000	577	577
Paul Ricard|Charles Leclerc	1	563.000	563	563
Paul Ricard|Daniel Ricciardo	1	575.000	575	575
Paul Ricard|Daniil Kvyat	1	584.000	584	584
Paul Ricard|Esteban Ocon	1	579.000	579	579
Paul Ricard|George Russell	1	563.000	563	563
Paul Ricard|Kevin Magnussen	1	581.000	581	581
Paul Ricard|Kimi Räikkönen	1	587.000	587	587
Paul Ricard|Lance Stroll	1	580.000	580	580
Paul Ricard|Lando Norris	1	581.000	581	581
Paul Ricard|Lewis Hamilton	1	575.000	575	575
Paul Ricard|Max Verstappen	1	563.000	563	563
Paul Ricard|Nicholas Latifi	1	564.000	564	564
Paul Ricard|Pierre Gasly	1	579.000	579	579
Paul Ricard|Sebastian Vettel	1	600.000	600	600
Paul Ricard|Sergio Perez	1	581.000	581	581
Paul Ricard|Valtteri Bottas	1	586.000	586	586
RedBull Ring|Alexander Albon	1	345.000	345	345
RedBull Ring|Antonio Giovinazzi	1	371.000	371	371
RedBull Ring|Carlos Sainz	1	382.000	382	382
RedBull Ring|Charles Leclerc	1	358.000	358	358
RedBull Ring|Daniel Ricciardo	1	355.000	355	355
RedBull Ring|Daniil Kvyat	1	362.000	362	362
RedBull Ring|Esteban Ocon	1	359.000	359	359
RedBull Ring|George Russell	1	456.000	456	456
RedBull Ring|Kevin Magnussen	1	357.000	357	357
RedBull Ring|Kimi Räikkönen	1	356.000	356	356
RedBull Ring|Lance Stroll	1	355.000	355	355
RedBull Ring|Lando Norris	1	350.000	350	350
RedBull Ring|Lewis Hamilton	1	357.000	357	357
RedBull Ring|Max Verstappen	1	349.000	349	349
RedBull Ring|Pierre Gasly	1	357.000	357	357
RedBull Ring|Romain Grosjean	1	352.000	352	352
RedBull Ring|Sebastian Vettel	1	349.000	349	349
RedBull Ring|Sergio Perez	1	353.000	353	353
RedBull Ring|Valtteri Bottas	1	347.000	347	347
Sakhir|Alexander Albon	1	467.000	467	467
Sakhir|Antonio Giovinazzi	1	624.000	624	624
Sakhir|Carlos Sainz	1	472.000	472	472
Sakhir|Charles Leclerc	1	474.000	474	474
Sakhir|Daniel Ricciardo	2	637.000	471	803
Sakhir|Daniil Kvyat	1	604.000	604	604
Sakhir|Esteban Ocon	1	478.000	478	478
Sakhir|George Russell	1	469.000	469	469
Sakhir|Kevin Magnussen	1	476.000	476	476
Sakhir|Kimi Räikkönen	2	477.500	476	479
Sakhir|Lance Stroll	1	468.000	468	468
Sakhir|Lando Norris	1	464.000	464	464
Sakhir|Lewis Hamilton	1	472.000	472	472
Sakhir|Max Verstappen	1	462.000	462	462
Sakhir|Nicholas Latifi	1	464.000	464	464
Sakhir|Pierre Gasly	1	485.000	485	485
Sakhir|Romain Grosjean	1	518.000	518	518
Sakhir|Sebastian Vettel	1	466.000	466	466
Sakhir|Sergio Perez	1	491.000	491	491
Sakhir|Valtteri Bottas	1	468.000	468	468
Shanghai|Alexander Albon	1	413.000	413	413
Shanghai|Antonio Giovinazzi	1	424.000	424	424
Shanghai|Carlos Sainz	1	414.000	414	414
Shanghai|Charles Leclerc	1	411.000	411	411
Shanghai|Daniil Kvyat	1	416.000	416	416
Shanghai|Esteban Ocon	1	416.000	416	416
Shanghai|George Russell	1	419.000	419	419
Shanghai|Kevin Magnussen	1	420.000	420	420
Shanghai|Kimi Räikkönen	1	419.000	419	419
Shanghai|Lance Stroll	1	432.000	432	432
Shanghai|Lando Norris	1	406.000	406	406
Shanghai|Lewis Hamilton	1	437.000	437	437
Shanghai|Max Verstappen	1	411.000	411	411
Shanghai|Nicholas Latifi	1	414.000	414	414
Shanghai|Pierre Gasly	1	415.000	415	415
Shanghai|Romain Grosjean	1	458.000	458	458
Shanghai|Sebastian Vettel	1	414.000	414	414
Shanghai|Sergio Perez	1	418.000	418	418
Shanghai|Valtteri Bottas	1	415.000	415	415
Silverstone|Alexander Albon	1	811.000	811	811
Silverstone|Antonio Giovinazzi	1	727.000	727	727
Silverstone|Carlos Sainz	1	725.000	725	725
Silverstone|Charles Leclerc	1	719.000	719	719
Silverstone|Daniel Ricciardo	1	736.000	736	736
Silverstone|Daniil Kvyat	1	845.000	845	845
Silverstone|Esteban Ocon	1	730.000	730	730
Silverstone|George Russell	1	722.000	722	722
Silverstone|Kevin Magnussen	1	845.000	845	845
Silverstone|Kimi Räikkönen	1	881.000	881	881
Silverstone|Lance Stroll	1	727.000	727	727
Silverstone|Lando Norris	1	726.000	726	726
Silverstone|Lewis Hamilton	1	942.000	942	942
Silverstone|Max Verstappen	1	721.000	721	721
Silverstone|Nicholas Latifi	1	881.000	881	881
Silverstone|Pierre Gasly	1	752.000	752	752
Silverstone|Romain Grosjean	1	725.000	725	725
Silverstone|Sebastian Vettel	1	722.000	722	722
Silverstone|Sergio Perez	1	728.000	728	728
Silverstone|Valtteri Bottas	1	724.000	724	724
Sochi|Alexander Albon	1	576.000	576	576
Sochi|Antonio Giovinazzi	1	552.000	552	552
Sochi|Carlos Sainz	1	576.000	576	576
Sochi|Charles Leclerc	1	550.000	550	550
Sochi|Daniel Ricciardo	1	551.000	551	551
Sochi|Daniil Kvyat	1	672.000	672	672
Sochi|Esteban Ocon	1	552.000	552	552
Sochi|George Russell	1	548.000	548	548
Sochi|Kevin Magnussen	1	545.000	545	545
Sochi|Kimi Räikkönen	1	553.000	553	553
Sochi|Lance Stroll	1	551.000	551	551
Sochi|Lando Norris	1	550.000	550	550
Sochi|Lewis Hamilton	1	550.000	550	550
Sochi|Max Verstappen	1	547.000	547	547
Sochi|Nicholas Latifi	1	547.000	547	547
Sochi|Pierre Gasly	1	665.000	665	665
Sochi|Romain Grosjean	1	558.000	558	558
Sochi|Sebastian Vettel	1	552.000	552	552
Sochi|Sergio Perez	1	557.000	557	557
Sochi|Valtteri Bottas	1	550.000	550	550
Spa|Alexander Albon	1	446.000	446	446
Spa|Antonio Giovinazzi	1	426.000	426	426
Spa|Carlos Sainz	1	423.000	423	423
Spa|Charles Leclerc	1	423.000	423	423
Spa|Daniel Ricciardo	1	425.000	425	425
Spa|Daniil Kvyat	1	426.000	426	426
Spa|Esteban Ocon	2	482.000	420	544
Spa|George Russell	1	524.000	524	524
Spa|Kevin Magnussen	1	430.000	430	430
Spa|Kimi Räikkönen	1	428.000	428	428
Spa|Lance Stroll	1	421.000	421	421
Spa|Lando Norris	1	427.000	427	427
Spa|Lewis Hamilton	1	420.000	420	420
Spa|Max Verstappen	1	419.000	419	419
Spa|Nicholas Latifi	1	415.000	415	415
Spa|Pierre Gasly	1	543.000	543	543
Spa|Romain Grosjean	2	496.000	428	564
Spa|Sebastian Vettel	1	412.000	412	412
Spa|Sergio Perez	1	419.000	419	419
Spa|Valtteri Bottas	1	417.000	417	417
Suzuka|Alexander Albon	1	441.000	441	441
Suzuka|Antonio Giovinazzi	1	443.000	443	443
Suzuka|Carlos Sainz	1	444.000	444	444
Suzuka|Charles Leclerc	1	448.000	448	448
Suzuka|Daniel Ricciardo	1	448.000	448	448
Suzuka|Daniil Kvyat	1	447.000	447	447
Suzuka|Esteban Ocon	1	449.000	449	449
Suzuka|George Russell	1	437.000	437	437
Suzuka|Kevin Magnussen	1	450.000	450	450
Suzuka|Kimi Räikkönen	1	448.000	448	448
Suzuka|Lance Stroll	1	443.000	443	443
Suzuka|Lando Norris	1	440.000	440	440
Suzuka|Lewis Hamilton	1	442.000	442	442
Suzuka|Max Verstappen	1	445.000	445	445
Suzuka|Nicholas Latifi	1	438.000	438	438
Suzuka|Pierre Gasly	1	447.000	447	447
Suzuka|Romain Grosjean	1	444.000	444	444
Suzuka|Sebastian Vettel	1	444.000	444	444
Suzuka|Valtteri Bottas	1	442.000	442	442
Yas Marina|Alexander Albon	2	392.000	389	395
Yas Marina|Antonio Giovinazzi	2	387.500	387	388
Yas Marina|Carlos Sainz	2	383.500	382	385
Yas Marina|Charles Leclerc	2	387.500	386	389
Yas Marina|Daniel Ricciardo	2	392.000	388	396
Yas Marina|Daniil Kvyat	2	385.500	384	387
Yas Marina|Esteban Ocon	2	392.000	389	395
Yas Marina|George Russell	2	382.500	378	387
Yas Marina|Kevin Magnussen	2	390.000	388	392
Yas Marina|Kimi Räikkönen	3	390.000	386	395
Yas Marina|Lance Stroll	2	391.000	390	392
Yas Marina|Lando Norris	2	407.500	398	417
Yas Marina|Lewis Hamilton	2	388.500	386	391
Yas Marina|Max Verstappen	2	384.000	380	388
Yas Marina|Nicholas Latifi	2	381.000	381	381
Yas Marina|Pierre Gasly	2	392.000	387	397
Yas Marina|Romain Grosjean	2	390.500	389	392
Yas Marina|Sebastian Vettel	3	385.000	383	387
Yas Marina|Sergio Perez	2	388.000	383	393
Yas Marina|Valtteri Bottas	2	383.000	382	384
Zandvoort|Alexander Albon	1	269.000	269	269
Zandvoort|Antonio Giovinazzi	1	295.000	295	295
Zandvoort|Carlos Sainz	1	263.000	263	263
Zandvoort|Charles Leclerc	1	270.000	270	270
Zandvoort|Daniel Ricciardo	1	274.000	274	274
Zandvoort|Daniil Kvyat	1	277.000	277	277
Zandvoort|Esteban Ocon	1	280.000	280	280
Zandvoort|George Russell	1	264.000	264	264
Zandvoort|Kevin Magnussen	1	298.000	298	298
Zandvoort|Kimi Räikkönen	1	272.000	272	272
Zandvoort|Lance Stroll	1	273.000	273	273
Zandvoort|Lando Norris	1	274.000	274	274
Zandvoort|Lewis Hamilton	1	272.000	272	272
Zandvoort|Max Verstappen	1	267.000	267	267
Zandvoort|Nicholas Latifi	1	268.000	268	268
Zandvoort|Pierre Gasly	1	282.000	282	282
Zandvoort|Romain Grosjean	1	278.000	278	278
Zandvoort|Sebastian Vettel	1	288.000	288	288
Zandvoort|Sergio Perez	1	268.000	268	268
Zandvoort|Valtteri Bottas	1	267.000	267	267
