Austin|Alexander Albon|8690837730174169160|012	18	soft
Austin|Alexander Albon|8690837730174169160|013	403	medium/soft
Austin|Antonio Giovinazzi|8690837730174169160|009	18	soft
Austin|Antonio Giovinazzi|8690837730174169160|010	415	soft
Austin|Antonio Giovinazzi|8690837730174169160|018	19	soft
Austin|Antonio Giovinazzi|8690837730174169160|019	416	medium/soft
Austin|Carlos Sainz|8690837730174169160|010	19	soft
Austin|Carlos Sainz|8690837730174169160|011	398	soft
Austin|Carlos Sainz|8690837730174169160|019	18	soft
Austin|Carlos Sainz|8690837730174169160|020	405	medium/soft
Austin|Charles Leclerc|8690837730174169160|008	18	soft
Austin|Charles Leclerc|8690837730174169160|009	400	soft
Austin|Charles Leclerc|8690837730174169160|017	19	soft
Austin|Charles Leclerc|8690837730174169160|018	407	medium/soft
Austin|Daniel Ricciardo|8690837730174169160|008	19	soft
Austin|Daniel Ricciardo|8690837730174169160|009	391	soft/unknown
Austin|Daniel Ricciardo|8690837730174169160|016	22535	soft/unknown
Austin|Daniil Kvyat|8690837730174169160|010	18	soft
Austin|Daniil Kvyat|8690837730174169160|011	406	soft
Austin|Daniil Kvyat|8690837730174169160|019	19	soft
Austin|Daniil Kvyat|8690837730174169160|020	407	medium/soft
Austin|Esteban Ocon|8690837730174169160|009	19	soft
Austin|Esteban Ocon|8690837730174169160|010	403	soft
Austin|Esteban Ocon|8690837730174169160|018	18	soft
Austin|Esteban Ocon|8690837730174169160|019	410	medium/soft
Austin|George Russell|8690837730174169160|009	18	soft
Austin|George Russell|8690837730174169160|010	402	soft
Austin|George Russell|8690837730174169160|018	18	soft
Austin|George Russell|8690837730174169160|019	402	medium/soft
Austin|Kevin Magnussen|8690837730174169160|008	19	soft
Austin|Kevin Magnussen|8690837730174169160|009	399	soft/unknown
Austin|Kevin Magnussen|8690837730174169160|017	18	soft
Austin|Kevin Magnussen|8690837730174169160|018	418	medium/soft
Austin|Kimi Räikkönen|8690837730174169160|010	19	soft
Austin|Kimi Räikkönen|8690837730174169160|011	409	soft
Austin|Kimi Räikkönen|8690837730174169160|019	19	soft
Austin|Kimi Räikkönen|8690837730174169160|020	406	medium/soft
Austin|Lance Stroll|8690837730174169160|011	18	soft
Austin|Lance Stroll|8690837730174169160|012	407	medium/soft
Austin|Lando Norris|8690837730174169160|009	18	soft
Austin|Lando Norris|8690837730174169160|010	408	soft
Austin|Lando Norris|8690837730174169160|018	18	soft
Austin|Lando Norris|8690837730174169160|019	406	medium/soft
Austin|Lewis Hamilton|8690837730174169160|011	30	soft
Austin|Lewis Hamilton|8690837730174169160|012	407	medium/soft
Austin|Max Verstappen|8690837730174169160|011	18	soft
Austin|Max Verstappen|8690837730174169160|012	403	medium/soft
Austin|Nicholas Latifi|8690837730174169160|008	19	soft
Austin|Nicholas Latifi|8690837730174169160|009	502	soft
Austin|Nicholas Latifi|8690837730174169160|017	19	soft
Austin|Nicholas Latifi|8690837730174169160|018	403	medium/soft
Austin|Pierre Gasly|8690837730174169160|009	18	soft
Austin|Pierre Gasly|8690837730174169160|010	406	soft
Austin|Pierre Gasly|8690837730174169160|018	18	soft
Austin|Pierre Gasly|8690837730174169160|019	406	medium/soft
Austin|Romain Grosjean|8690837730174169160|009	18	soft
Austin|Romain Grosjean|8690837730174169160|010	438	soft
Austin|Romain Grosjean|8690837730174169160|018	18	soft
Austin|Romain Grosjean|8690837730174169160|019	413	medium/soft
Austin|Sebastian Vettel|8690837730174169160|009	19	soft
Austin|Sebastian Vettel|8690837730174169160|010	404	soft
Austin|Sebastian Vettel|8690837730174169160|018	19	soft
Austin|Sebastian Vettel|8690837730174169160|019	403	medium/soft
Austin|Sergio Perez|8690837730174169160|012	19	soft
Austin|Sergio Perez|8690837730174169160|013	416	medium/soft
Austin|Valtteri Bottas|8690837730174169160|012	19	soft
Austin|Valtteri Bottas|8690837730174169160|013	402	medium/soft
Baku|Alexander Albon|15052023430595064811|009	12	soft
Baku|Alexander Albon|15052023430595064811|010	347	hard/soft
Baku|Antonio Giovinazzi|15052023430595064811|013	12	medium
Baku|Antonio Giovinazzi|15052023430595064811|014	405	hard/medium
Baku|Carlos Sainz|15052023430595064811|018	12	hard
Baku|Carlos Sainz|15052023430595064811|019	340	hard/soft
Baku|Charles Leclerc|15052023430595064811|018	12	hard
Baku|Charles Leclerc|15052023430595064811|019	352	hard/soft
Baku|Charles Leclerc|15052023430595064811|022	12	soft
Baku|Charles Leclerc|15052023430595064811|023	349	soft
Baku|Daniel Ricciardo|15052023430595064811|014	11	hard
Baku|Daniel Ricciardo|15052023430595064811|015	352	hard/medium
Baku|Daniil Kvyat|15052023430595064811|018	11	hard
Baku|Daniil Kvyat|15052023430595064811|019	483	hard/soft
Baku|Daniil Kvyat|15052023430595064811|022	12	soft
Baku|Daniil Kvyat|15052023430595064811|023	351	soft
Baku|Esteban Ocon|15052023430595064811|018	12	hard
Baku|Esteban Ocon|15052023430595064811|019	363	hard/soft
Baku|Esteban Ocon|15052023430595064811|022	11	soft
Baku|Esteban Ocon|15052023430595064811|023	351	soft
Baku|George Russell|15052023430595064811|013	11	medium
Baku|George Russell|15052023430595064811|014	349	hard/medium
Baku|Kevin Magnussen|15052023430595064811|012	12	medium
Baku|Kevin Magnussen|15052023430595064811|013	361	hard/medium
Baku|Kimi Räikkönen|15052023430595064811|012	12	medium
Baku|Kimi Räikkönen|15052023430595064811|013	357	hard/medium
Baku|Lance Stroll|15052023430595064811|018	12	hard
Baku|Lance Stroll|15052023430595064811|019	355	hard/soft
Baku|Lando Norris|15052023430595064811|019	11	hard
Baku|Lando Norris|15052023430595064811|020	349	hard/soft
Baku|Lewis Hamilton|15052023430595064811|018	12	hard
Baku|Lewis Hamilton|15052023430595064811|019	347	hard/soft
Baku|Max Verstappen|15052023430595064811|008	12	soft
Baku|Max Verstappen|15052023430595064811|009	338	hard/soft
Baku|Nicholas Latifi|15052023430595064811|012	11	medium
Baku|Nicholas Latifi|15052023430595064811|013	348	hard/medium
Baku|Pierre Gasly|15052023430595064811|014	12	hard
Baku|Pierre Gasly|15052023430595064811|015	361	hard/medium
Baku|Romain Grosjean|15052023430595064811|013	12	medium
Baku|Romain Grosjean|15052023430595064811|014	353	hard/medium
Baku|Sebastian Vettel|15052023430595064811|019	12	hard
Baku|Sebastian Vettel|15052023430595064811|020	353	hard/soft
Baku|Sergio Perez|15052023430595064811|013	12	hard
Baku|Sergio Perez|15052023430595064811|014	504	hard/medium
Baku|Valtteri Bottas|15052023430595064811|012	12	medium
Baku|Valtteri Bottas|15052023430595064811|013	354	medium/soft/unknown
Baku|Valtteri Bottas|15052023430595064811|019	12	soft
Baku|Valtteri Bottas|15052023430595064811|020	353	soft
Brazil|Alexander Albon|2048465535648368309|014	69	soft
Brazil|Alexander Albon|2048465535648368309|015	313	hard/soft
Brazil|Antonio Giovinazzi|2048465535648368309|022	71	hard
Brazil|Antonio Giovinazzi|2048465535648368309|023	326	hard/soft
Brazil|Carlos Sainz|2048465535648368309|016	69	medium
Brazil|Carlos Sainz|2048465535648368309|017	325	hard/medium
Brazil|Charles Leclerc|2048465535648368309|014	69	soft
Brazil|Charles Leclerc|2048465535648368309|015	327	hard/soft
Brazil|Daniel Ricciardo|2048465535648368309|016	70	medium
Brazil|Daniel Ricciardo|2048465535648368309|017	317	hard/medium
Brazil|Daniil Kvyat|2048465535648368309|023	70	hard
Brazil|Daniil Kvyat|2048465535648368309|024	332	hard/soft
Brazil|Esteban Ocon|2048465535648368309|014	70	soft
Brazil|Esteban Ocon|2048465535648368309|015	321	hard/soft
Brazil|George Russell|2048465535648368309|014	69	soft
Brazil|George Russell|2048465535648368309|015	319	hard/soft
Brazil|Kevin Magnussen|2048465535648368309|022	71	hard
Brazil|Kevin Magnussen|2048465535648368309|023	324	hard/soft
Brazil|Kimi Räikkönen|2048465535648368309|023	70	hard
Brazil|Kimi Räikkönen|2048465535648368309|024	325	hard/soft
Brazil|Lance Stroll|2048465535648368309|017	63	soft/unknown
Brazil|Lance Stroll|2048465535648368309|018	319	medium/soft
Brazil|Lando Norris|2048465535648368309|014	70	soft
Brazil|Lando Norris|2048465535648368309|015	323	hard/soft
Brazil|Lewis Hamilton|2048465535648368309|015	69	soft
Brazil|Lewis Hamilton|2048465535648368309|016	335	hard/soft
Brazil|Max Verstappen|2048465535648368309|015	68	soft
Brazil|Max Verstappen|2048465535648368309|016	313	hard/soft
Brazil|Nicholas Latifi|2048465535648368309|015	70	soft
Brazil|Nicholas Latifi|2048465535648368309|016	316	hard/soft
Brazil|Pierre Gasly|2048465535648368309|022	71	hard
Brazil|Pierre Gasly|2048465535648368309|023	318	hard/soft
Brazil|Romain Grosjean|2048465535648368309|020	70	hard
Brazil|Romain Grosjean|2048465535648368309|021	330	hard/medium
Brazil|Sebastian Vettel|2048465535648368309|015	69	soft
Brazil|Sebastian Vettel|2048465535648368309|016	321	hard/soft
Brazil|Sergio Perez|2048465535648368309|016	69	soft
Brazil|Sergio Perez|2048465535648368309|017	319	medium/soft
Brazil|Valtteri Bottas|2048465535648368309|014	70	soft
Brazil|Valtteri Bottas|2048465535648368309|015	318	hard/soft
Brazil|Valtteri Bottas|2048465535648368309|030	69	hard
Brazil|Valtteri Bottas|2048465535648368309|031	320	hard/soft
Catalunya|Alexander Albon|7308984749534057828|015	52	medium
Catalunya|Alexander Albon|7308984749534057828|016	339	hard/medium/unknown
Catalunya|Antonio Giovinazzi|7308984749534057828|015	52	medium
Catalunya|Antonio Giovinazzi|7308984749534057828|016	346	hard/medium
Catalunya|Carlos Sainz|7308984749534057828|014	100	medium
Catalunya|Carlos Sainz|7308984749534057828|015	347	hard/medium
Catalunya|Charles Leclerc|7308984749534057828|014	101	medium
Catalunya|Charles Leclerc|7308984749534057828|015	483	hard/medium
Catalunya|Daniel Ricciardo|7308984749534057828|015	48	medium/unknown
Catalunya|Daniel Ricciardo|7308984749534057828|016	359	hard/medium
Catalunya|Daniil Kvyat|7308984749534057828|014	52	medium
Catalunya|Daniil Kvyat|7308984749534057828|015	350	hard/medium
Catalunya|Esteban Ocon|7308984749534057828|014	52	medium
Catalunya|Esteban Ocon|7308984749534057828|015	345	hard/medium
Catalunya|George Russell|7308984749534057828|015	51	medium
Catalunya|George Russell|7308984749534057828|016	346	hard/medium/unknown
Catalunya|Kevin Magnussen|7308984749534057828|014	52	medium
Catalunya|Kevin Magnussen|7308984749534057828|015	359	hard/medium
Catalunya|Kimi Räikkönen|7308984749534057828|014	51	medium
Catalunya|Kimi Räikkönen|7308984749534057828|015	359	hard/medium
Catalunya|Lance Stroll|7308984749534057828|014	100	medium
Catalunya|Lance Stroll|7308984749534057828|015	384	hard/medium
Catalunya|Lando Norris|7308984749534057828|005	44332	medium/unknown
Catalunya|Lewis Hamilton|7308984749534057828|015	52	medium
Catalunya|Lewis Hamilton|7308984749534057828|016	377	hard/medium/unknown
Catalunya|Max Verstappen|7308984749534057828|014	102	medium
Catalunya|Max Verstappen|7308984749534057828|015	483	hard/medium
Catalunya|Nicholas Latifi|7308984749534057828|014	50	medium
Catalunya|Nicholas Latifi|7308984749534057828|015	346	hard/medium
Catalunya|Pierre Gasly|7308984749534057828|015	52	medium
Catalunya|Pierre Gasly|7308984749534057828|016	346	hard/medium
Catalunya|Romain Grosjean|7308984749534057828|015	51	medium
Catalunya|Romain Grosjean|7308984749534057828|016	347	hard/medium
Catalunya|Sebastian Vettel|7308984749534057828|015	52	medium
Catalunya|Sebastian Vettel|7308984749534057828|016	342	hard/medium/unknown
Catalunya|Sergio Perez|7308984749534057828|015	51	medium
Catalunya|Sergio Perez|7308984749534057828|016	349	hard/medium
Catalunya|Valtteri Bottas|7308984749534057828|014	103	medium
Catalunya|Valtteri Bottas|7308984749534057828|015	524	hard/medium
Hanoi|Alexander Albon|15525718781239906836|010	379	soft
Hanoi|Alexander Albon|15525718781239906836|011	245	soft
Hanoi|Alexander Albon|15525718781239906836|019	372	medium/soft
Hanoi|Alexander Albon|15525718781239906836|020	245	medium
Hanoi|Antonio Giovinazzi|15525718781239906836|009	301	soft
Hanoi|Antonio Giovinazzi|15525718781239906836|010	326	soft
Hanoi|Antonio Giovinazzi|15525718781239906836|018	306	soft
Hanoi|Antonio Giovinazzi|15525718781239906836|019	329	medium/soft
Hanoi|Carlos Sainz|15525718781239906836|010	306	soft
Hanoi|Carlos Sainz|15525718781239906836|011	320	soft
Hanoi|Carlos Sainz|15525718781239906836|019	305	soft
Hanoi|Carlos Sainz|15525718781239906836|020	314	hard/soft
Hanoi|Charles Leclerc|15525718781239906836|008	392	soft
Hanoi|Charles Leclerc|15525718781239906836|009	238	soft
Hanoi|Charles Leclerc|15525718781239906836|017	384	hard/soft
Hanoi|Charles Leclerc|15525718781239906836|018	237	hard
Hanoi|Daniel Ricciardo|15525718781239906836|008	304	soft
Hanoi|Daniel Ricciardo|15525718781239906836|009	315	soft
Hanoi|Daniel Ricciardo|15525718781239906836|017	305	soft
Hanoi|Daniel Ricciardo|15525718781239906836|018	322	hard/soft
Hanoi|Daniil Kvyat|15525718781239906836|009	301	soft
Hanoi|Daniil Kvyat|15525718781239906836|010	320	soft
Hanoi|Daniil Kvyat|15525718781239906836|018	306	soft
Hanoi|Daniil Kvyat|15525718781239906836|019	333	medium/soft
Hanoi|Esteban Ocon|15525718781239906836|009	305	soft
Hanoi|Esteban Ocon|15525718781239906836|010	321	soft
Hanoi|Esteban Ocon|15525718781239906836|018	303	soft
Hanoi|Esteban Ocon|15525718781239906836|019	331	medium/soft
Hanoi|George Russell|15525718781239906836|012	302	medium
Hanoi|George Russell|15525718781239906836|013	319	medium/soft
Hanoi|George Russell|15525718781239906836|020	305	soft
Hanoi|George Russell|15525718781239906836|021	317	soft
Hanoi|Kevin Magnussen|15525718781239906836|008	302	soft
Hanoi|Kevin Magnussen|15525718781239906836|009	330	soft
Hanoi|Kevin Magnussen|15525718781239906836|017	304	soft
Hanoi|Kevin Magnussen|15525718781239906836|018	327	medium/soft
Hanoi|Kimi Räikkönen|15525718781239906836|010	304	soft
Hanoi|Kimi Räikkönen|15525718781239906836|011	328	soft
Hanoi|Kimi Räikkönen|15525718781239906836|019	303	soft
Hanoi|Kimi Räikkönen|15525718781239906836|020	319	medium/soft
Hanoi|Lance Stroll|15525718781239906836|009	303	soft
Hanoi|Lance Stroll|15525718781239906836|010	385	soft
Hanoi|Lance Stroll|15525718781239906836|018	305	soft
Hanoi|Lance Stroll|15525718781239906836|019	329	medium/soft
Hanoi|Lando Norris|15525718781239906836|009	306	soft
Hanoi|Lando Norris|15525718781239906836|010	320	soft
Hanoi|Lando Norris|15525718781239906836|018	304	soft
Hanoi|Lando Norris|15525718781239906836|019	319	medium/soft
Hanoi|Lewis Hamilton|15525718781239906836|011	524	medium/soft
Hanoi|Lewis Hamilton|15525718781239906836|012	290	soft
Hanoi|Lewis Hamilton|15525718781239906836|020	391	soft
Hanoi|Lewis Hamilton|15525718781239906836|021	298	soft
Hanoi|Max Verstappen|15525718781239906836|009	376	soft
Hanoi|Max Verstappen|15525718781239906836|010	246	soft
Hanoi|Max Verstappen|15525718781239906836|018	374	medium/soft
Hanoi|Max Verstappen|15525718781239906836|019	246	medium
Hanoi|Nicholas Latifi|15525718781239906836|011	303	medium
Hanoi|Nicholas Latifi|15525718781239906836|012	314	medium/soft
Hanoi|Nicholas Latifi|15525718781239906836|019	304	soft/unknown
Hanoi|Nicholas Latifi|15525718781239906836|020	319	soft
Hanoi|Pierre Gasly|15525718781239906836|008	302	soft
Hanoi|Pierre Gasly|15525718781239906836|009	322	soft
Hanoi|Pierre Gasly|15525718781239906836|017	304	soft
Hanoi|Pierre Gasly|15525718781239906836|018	323	hard/soft
Hanoi|Romain Grosjean|15525718781239906836|007	42595	soft/unknown
Hanoi|Sebastian Vettel|15525718781239906836|009	502	soft
Hanoi|Sebastian Vettel|15525718781239906836|010	237	soft
Hanoi|Sebastian Vettel|15525718781239906836|018	399	medium/soft
Hanoi|Sebastian Vettel|15525718781239906836|019	239	medium
Hanoi|Sergio Perez|15525718781239906836|010	303	soft
Hanoi|Sergio Perez|15525718781239906836|011	342	soft
Hanoi|Sergio Perez|15525718781239906836|019	303	soft
Hanoi|Sergio Perez|15525718781239906836|020	324	medium/soft
Hanoi|Valtteri Bottas|15525718781239906836|011	13	medium
Hanoi|Valtteri Bottas|15525718781239906836|012	390	medium/soft
Hanoi|Valtteri Bottas|15525718781239906836|013	238	soft
Hanoi|Valtteri Bottas|15525718781239906836|019	391	soft
Hanoi|Valtteri Bottas|15525718781239906836|020	237	soft
Hungaroring|Alexander Albon|16345687902545417755|017	57	medium
Hungaroring|Alexander Albon|16345687902545417755|018	340	hard/medium
Hungaroring|Antonio Giovinazzi|16345687902545417755|017	56	medium
Hungaroring|Antonio Giovinazzi|16345687902545417755|018	373	hard/medium
Hungaroring|Carlos Sainz|16345687902545417755|004	49380	medium/unknown
Hungaroring|Charles Leclerc|16345687902545417755|007	57	soft
Hungaroring|Charles Leclerc|16345687902545417755|008	346	medium/soft
Hungaroring|Charles Leclerc|16345687902545417755|021	56	medium
Hungaroring|Charles Leclerc|16345687902545417755|022	348	medium
Hungaroring|Daniel Ricciardo|16345687902545417755|017	56	medium
Hungaroring|Daniel Ricciardo|16345687902545417755|018	353	hard/medium
Hungaroring|Daniil Kvyat|16345687902545417755|016	56	medium
Hungaroring|Daniil Kvyat|16345687902545417755|017	355	hard/medium
Hungaroring|Esteban Ocon|16345687902545417755|016	57	medium
Hungaroring|Esteban Ocon|16345687902545417755|017	346	hard/medium
Hungaroring|George Russell|16345687902545417755|007	56	soft
Hungaroring|George Russell|16345687902545417755|008	344	medium/soft
Hungaroring|George Russell|16345687902545417755|021	58	medium
Hungaroring|George Russell|16345687902545417755|022	344	medium
Hungaroring|Kevin Magnussen|16345687902545417755|016	56	medium
Hungaroring|Kevin Magnussen|16345687902545417755|017	356	hard/medium
Hungaroring|Kimi Räikkönen|16345687902545417755|016	56	medium
Hungaroring|Kimi Räikkönen|16345687902545417755|017	350	hard/medium
Hungaroring|Lance Stroll|16345687902545417755|016	57	medium
Hungaroring|Lance Stroll|16345687902545417755|017	345	hard/medium
Hungaroring|Lando Norris|16345687902545417755|017	57	medium
Hungaroring|Lando Norris|16345687902545417755|018	343	hard/medium
Hungaroring|Lewis Hamilton|16345687902545417755|017	57	medium
Hungaroring|Lewis Hamilton|16345687902545417755|018	352	hard/medium
Hungaroring|Max Verstappen|16345687902545417755|007	44907	medium/unknown
Hungaroring|Nicholas Latifi|16345687902545417755|016	57	medium
Hungaroring|Nicholas Latifi|16345687902545417755|017	340	hard/medium
Hungaroring|Pierre Gasly|16345687902545417755|017	57	medium
Hungaroring|Pierre Gasly|16345687902545417755|018	348	hard/medium
Hungaroring|Romain Grosjean|16345687902545417755|017	57	medium
Hungaroring|Romain Grosjean|16345687902545417755|018	347	hard/medium
Hungaroring|Sebastian Vettel|16345687902545417755|016	57	medium
Hungaroring|Sebastian Vettel|16345687902545417755|017	342	hard/medium
Hungaroring|Sergio Perez|16345687902545417755|017	57	medium
Hungaroring|Sergio Perez|16345687902545417755|018	349	hard/medium
Hungaroring|Valtteri Bottas|16345687902545417755|015	112	medium
Hungaroring|Valtteri Bottas|16345687902545417755|016	483	medium
Hungaroring|Valtteri Bottas|16345687902545417755|027	55	medium
Hungaroring|Valtteri Bottas|16345687902545417755|028	348	medium/soft
Marina Bay|Alexander Albon|11752605864096667831|008	88	soft
Marina Bay|Alexander Albon|11752605864096667831|009	415	medium/soft
Marina Bay|Alexander Albon|11752605864096667831|020	88	medium
Marina Bay|Alexander Albon|11752605864096667831|021	409	medium
Marina Bay|Antonio Giovinazzi|11752605864096667831|006	87	soft
Marina Bay|Antonio Giovinazzi|11752605864096667831|007	408	medium/soft
Marina Bay|Antonio Giovinazzi|11752605864096667831|018	89	medium
Marina Bay|Antonio Giovinazzi|11752605864096667831|019	421	medium
Marina Bay|Carlos Sainz|11752605864096667831|012	88	medium
Marina Bay|Carlos Sainz|11752605864096667831|013	407	hard/medium
Marina Bay|Charles Leclerc|11752605864096667831|012	80	medium
Marina Bay|Charles Leclerc|11752605864096667831|013	409	hard/medium
Marina Bay|Daniel Ricciardo|11752605864096667831|013	88	medium
Marina Bay|Daniel Ricciardo|11752605864096667831|014	416	hard/medium
Marina Bay|Daniil Kvyat|11752605864096667831|012	88	medium
Marina Bay|Daniil Kvyat|11752605864096667831|013	411	hard/medium
Marina Bay|Esteban Ocon|11752605864096667831|012	89	medium
Marina Bay|Esteban Ocon|11752605864096667831|013	418	hard/medium
Marina Bay|Esteban Ocon|11752605864096667831|027	5893	hard/unknown
Marina Bay|George Russell|11752605864096667831|013	89	medium
Marina Bay|George Russell|11752605864096667831|014	408	hard/medium
Marina Bay|Kevin Magnussen|11752605864096667831|012	88	medium
Marina Bay|Kevin Magnussen|11752605864096667831|013	466	hard/medium
Marina Bay|Kimi Räikkönen|11752605864096667831|012	88	medium
Marina Bay|Kimi Räikkönen|11752605864096667831|013	418	hard/medium
Marina Bay|Lance Stroll|11752605864096667831|012	88	medium
Marina Bay|Lance Stroll|11752605864096667831|013	414	hard/medium
Marina Bay|Lando Norris|11752605864096667831|013	88	medium
Marina Bay|Lando Norris|11752605864096667831|014	409	hard/medium
Marina Bay|Lewis Hamilton|11752605864096667831|007	87	soft
Marina Bay|Lewis Hamilton|11752605864096667831|008	412	medium/soft
Marina Bay|Lewis Hamilton|11752605864096667831|019	87	medium
Marina Bay|Lewis Hamilton|11752605864096667831|020	409	medium
Marina Bay|Max Verstappen|11752605864096667831|007	87	soft
Marina Bay|Max Verstappen|11752605864096667831|008	410	medium/soft
Marina Bay|Max Verstappen|11752605864096667831|019	88	medium
Marina Bay|Max Verstappen|11752605864096667831|020	410	medium
Marina Bay|Nicholas Latifi|11752605864096667831|012	89	medium
Marina Bay|Nicholas Latifi|11752605864096667831|013	405	hard/medium
Marina Bay|Pierre Gasly|11752605864096667831|013	88	medium
Marina Bay|Pierre Gasly|11752605864096667831|014	415	hard/medium
Marina Bay|Romain Grosjean|11752605864096667831|010	87	medium
Marina Bay|Romain Grosjean|11752605864096667831|011	414	medium
Marina Bay|Romain Grosjean|11752605864096667831|020	88	medium
Marina Bay|Romain Grosjean|11752605864096667831|021	414	hard/medium
Marina Bay|Sebastian Vettel|11752605864096667831|013	88	medium
Marina Bay|Sebastian Vettel|11752605864096667831|014	414	hard/medium
Marina Bay|Sergio Perez|11752605864096667831|007	88	soft
Marina Bay|Sergio Perez|11752605864096667831|008	420	medium/soft
Marina Bay|Sergio Perez|11752605864096667831|013	36708	medium/unknown
Marina Bay|Valtteri Bottas|11752605864096667831|013	177	medium
Marina Bay|Valtteri Bottas|11752605864096667831|014	507	medium/soft
Marina Bay|Valtteri Bottas|11752605864096667831|022	87	soft
Marina Bay|Valtteri Bottas|11752605864096667831|023	407	soft
Melbourne|Alexander Albon|2909858075704986992|012	377	medium/soft
Melbourne|Alexander Albon|2909858075704986992|013	102	medium
Melbourne|Antonio Giovinazzi|2909858075704986992|010	358	soft
Melbourne|Antonio Giovinazzi|2909858075704986992|011	51	soft
Melbourne|Antonio Giovinazzi|2909858075704986992|019	358	medium/soft
Melbourne|Antonio Giovinazzi|2909858075704986992|020	52	medium
Melbourne|Carlos Sainz|2909858075704986992|011	346	hard/soft
Melbourne|Carlos Sainz|2909858075704986992|012	51	hard
Melbourne|Charles Leclerc|2909858075704986992|011	356	hard/soft
Melbourne|Charles Leclerc|2909858075704986992|012	51	hard
Melbourne|Daniel Ricciardo|2909858075704986992|011	348	hard/soft
Melbourne|Daniel Ricciardo|2909858075704986992|012	52	hard
Melbourne|Daniil Kvyat|2909858075704986992|010	357	hard/soft
Melbourne|Daniil Kvyat|2909858075704986992|011	50	hard
Melbourne|Esteban Ocon|2909858075704986992|010	345	hard/soft
Melbourne|Esteban Ocon|2909858075704986992|011	51	hard
Melbourne|George Russell|2909858075704986992|010	344	hard/soft
Melbourne|George Russell|2909858075704986992|011	51	hard
Melbourne|Kevin Magnussen|2909858075704986992|011	372	hard/soft
Melbourne|Kevin Magnussen|2909858075704986992|012	50	hard
Melbourne|Kimi Räikkönen|2909858075704986992|009	349	soft/unknown
Melbourne|Kimi Räikkönen|2909858075704986992|010	52	soft
Melbourne|Kimi Räikkönen|2909858075704986992|018	356	medium/soft
Melbourne|Kimi Räikkönen|2909858075704986992|019	52	medium
Melbourne|Lance Stroll|2909858075704986992|011	371	medium/soft
Melbourne|Lance Stroll|2909858075704986992|012	51	medium
Melbourne|Lando Norris|2909858075704986992|010	347	hard/soft
Melbourne|Lando Norris|2909858075704986992|011	51	hard
Melbourne|Lewis Hamilton|2909858075704986992|010	353	hard/soft
Melbourne|Lewis Hamilton|2909858075704986992|011	51	hard
Melbourne|Lewis Hamilton|2909858075704986992|020	14725	hard/unknown
Melbourne|Max Verstappen|2909858075704986992|011	346	medium/soft
Melbourne|Max Verstappen|2909858075704986992|012	51	medium
Melbourne|Nicholas Latifi|2909858075704986992|009	348	hard/soft
Melbourne|Nicholas Latifi|2909858075704986992|010	50	hard
Melbourne|Pierre Gasly|2909858075704986992|011	347	hard/soft
Melbourne|Pierre Gasly|2909858075704986992|012	51	hard
Melbourne|Pierre Gasly|2909858075704986992|017	20216	hard/unknown
Melbourne|Romain Grosjean|2909858075704986992|010	395	hard/soft
Melbourne|Romain Grosjean|2909858075704986992|011	51	hard
Melbourne|Sebastian Vettel|2909858075704986992|010	357	hard/soft
Melbourne|Sebastian Vettel|2909858075704986992|011	51	hard
Melbourne|Sergio Perez|2909858075704986992|012	435	medium/soft
Melbourne|Sergio Perez|2909858075704986992|013	51	medium
Melbourne|Valtteri Bottas|2909858075704986992|008	345	medium/soft
Melbourne|Valtteri Bottas|2909858075704986992|009	52	medium
Melbourne|Valtteri Bottas|2909858075704986992|020	348	medium/soft
Melbourne|Valtteri Bottas|2909858075704986992|021	51	soft
Mexico|Alexander Albon|10230136787177318441|010	45	soft
Mexico|Alexander Albon|10230136787177318441|011	391	soft
Mexico|Alexander Albon|10230136787177318441|020	44	soft
Mexico|Alexander Albon|10230136787177318441|021	390	hard/soft
Mexico|Antonio Giovinazzi|10230136787177318441|014	44	medium
Mexico|Antonio Giovinazzi|10230136787177318441|015	387	medium/soft
Mexico|Antonio Giovinazzi|10230136787177318441|025	41	soft
Mexico|Antonio Giovinazzi|10230136787177318441|026	390	soft
Mexico|Carlos Sainz|10230136787177318441|012	43	soft
Mexico|Carlos Sainz|10230136787177318441|013	392	soft
Mexico|Carlos Sainz|10230136787177318441|023	44	soft
Mexico|Carlos Sainz|10230136787177318441|024	392	medium/soft
Mexico|Charles Leclerc|10230136787177318441|011	43	soft
Mexico|Charles Leclerc|10230136787177318441|012	384	soft
Mexico|Charles Leclerc|10230136787177318441|022	44	soft
Mexico|Charles Leclerc|10230136787177318441|023	382	medium/soft
Mexico|Daniel Ricciardo|10230136787177318441|010	44	soft
Mexico|Daniel Ricciardo|10230136787177318441|011	390	soft
Mexico|Daniel Ricciardo|10230136787177318441|021	44	soft
Mexico|Daniel Ricciardo|10230136787177318441|022	392	medium/soft
Mexico|Daniil Kvyat|10230136787177318441|011	44	soft
Mexico|Daniil Kvyat|10230136787177318441|012	391	soft
Mexico|Daniil Kvyat|10230136787177318441|020	89	soft
Mexico|Daniil Kvyat|10230136787177318441|021	467	hard/soft
Mexico|Esteban Ocon|10230136787177318441|011	44	soft
Mexico|Esteban Ocon|10230136787177318441|012	395	soft
Mexico|Esteban Ocon|10230136787177318441|022	45	soft
Mexico|Esteban Ocon|10230136787177318441|023	392	medium/soft
Mexico|George Russell|10230136787177318441|010	44	soft
Mexico|George Russell|10230136787177318441|011	387	soft
Mexico|George Russell|10230136787177318441|020	44	soft
Mexico|George Russell|10230136787177318441|021	388	hard/soft
Mexico|Kevin Magnussen|10230136787177318441|015	44	medium
Mexico|Kevin Magnussen|10230136787177318441|016	394	medium/soft
Mexico|Kevin Magnussen|10230136787177318441|027	44	soft
Mexico|Kevin Magnussen|10230136787177318441|028	545	soft
Mexico|Kimi Räikkönen|10230136787177318441|011	39248	medium/unknown
Mexico|Lance Stroll|10230136787177318441|011	44	soft
Mexico|Lance Stroll|10230136787177318441|012	391	soft
Mexico|Lance Stroll|10230136787177318441|022	44	soft
Mexico|Lance Stroll|10230136787177318441|023	411	medium/soft
Mexico|Lando Norris|10230136787177318441|011	44	soft
Mexico|Lando Norris|10230136787177318441|012	396	soft
Mexico|Lando Norris|10230136787177318441|022	44	soft
Mexico|Lando Norris|10230136787177318441|023	386	medium/soft
Mexico|Lewis Hamilton|10230136787177318441|012	44	soft
Mexico|Lewis Hamilton|10230136787177318441|013	394	soft
Mexico|Lewis Hamilton|10230136787177318441|022	45	soft
Mexico|Lewis Hamilton|10230136787177318441|023	391	medium/soft
Mexico|Max Verstappen|10230136787177318441|004	51944	soft/unknown
Mexico|Nicholas Latifi|10230136787177318441|011	45	soft
Mexico|Nicholas Latifi|10230136787177318441|012	383	soft
Mexico|Nicholas Latifi|10230136787177318441|022	88	soft
Mexico|Nicholas Latifi|10230136787177318441|023	427	medium/soft
Mexico|Pierre Gasly|10230136787177318441|010	44	soft
Mexico|Pierre Gasly|10230136787177318441|011	386	soft
Mexico|Pierre Gasly|10230136787177318441|021	43	soft
Mexico|Pierre Gasly|10230136787177318441|022	395	medium/soft
Mexico|Romain Grosjean|10230136787177318441|016	44	hard
Mexico|Romain Grosjean|10230136787177318441|017	397	hard/soft
Mexico|Romain Grosjean|10230136787177318441|026	45	soft
Mexico|Romain Grosjean|10230136787177318441|027	579	soft
Mexico|Sebastian Vettel|10230136787177318441|012	44	soft
Mexico|Sebastian Vettel|10230136787177318441|013	390	soft
Mexico|Sebastian Vettel|10230136787177318441|023	44	soft
Mexico|Sebastian Vettel|10230136787177318441|024	388	medium/soft
Mexico|Sergio Perez|10230136787177318441|012	44	soft
Mexico|Sergio Perez|10230136787177318441|013	394	soft
Mexico|Sergio Perez|10230136787177318441|023	44	soft
Mexico|Sergio Perez|10230136787177318441|024	398	medium/soft
Mexico|Valtteri Bottas|10230136787177318441|011	44	soft
Mexico|Valtteri Bottas|10230136787177318441|012	389	medium/soft/unknown
Mexico|Valtteri Bottas|10230136787177318441|025	43	medium
Mexico|Valtteri Bottas|10230136787177318441|026	388	medium/soft
Monaco|Alexander Albon|17729863945523124675|019	429	hard/medium
Monaco|Alexander Albon|17729863945523124675|020	2	medium
Monaco|Antonio Giovinazzi|17729863945523124675|020	430	hard/medium
Monaco|Antonio Giovinazzi|17729863945523124675|021	2	hard
Monaco|Carlos Sainz|17729863945523124675|019	423	hard/medium
Monaco|Carlos Sainz|17729863945523124675|020	2	hard
Monaco|Charles Leclerc|17729863945523124675|020	426	hard/medium
Monaco|Charles Leclerc|17729863945523124675|021	2	hard
Monaco|Daniel Ricciardo|17729863945523124675|019	431	hard/medium
Monaco|Daniel Ricciardo|17729863945523124675|020	2	hard
Monaco|Daniil Kvyat|17729863945523124675|020	426	hard/medium
Monaco|Daniil Kvyat|17729863945523124675|021	2	hard
Monaco|Esteban Ocon|17729863945523124675|020	549	hard/medium
Monaco|Esteban Ocon|17729863945523124675|021	2	hard
Monaco|George Russell|17729863945523124675|019	418	hard/medium
Monaco|George Russell|17729863945523124675|020	2	hard
Monaco|Kevin Magnussen|17729863945523124675|019	434	hard/medium
Monaco|Kevin Magnussen|17729863945523124675|020	2	hard
Monaco|Kimi Räikkönen|17729863945523124675|019	431	hard/medium
Monaco|Kimi Räikkönen|17729863945523124675|020	2	hard
Monaco|Lance Stroll|17729863945523124675|021	432	hard/medium/unknown
Monaco|Lance Stroll|17729863945523124675|022	2	hard
Monaco|Lando Norris|17729863945523124675|020	432	hard/medium
Monaco|Lando Norris|17729863945523124675|021	1	hard
Monaco|Lewis Hamilton|17729863945523124675|020	483	hard/medium
Monaco|Lewis Hamilton|17729863945523124675|021	1	hard
Monaco|Max Verstappen|17729863945523124675|020	426	hard/medium
Monaco|Max Verstappen|17729863945523124675|021	2	medium
Monaco|Nicholas Latifi|17729863945523124675|016	37386	medium/unknown
Monaco|Pierre Gasly|17729863945523124675|019	425	hard/medium
Monaco|Pierre Gasly|17729863945523124675|020	2	hard
Monaco|Romain Grosjean|17729863945523124675|020	433	hard/medium
Monaco|Romain Grosjean|17729863945523124675|021	2	hard
Monaco|Sebastian Vettel|17729863945523124675|019	428	hard/medium
Monaco|Sebastian Vettel|17729863945523124675|020	1	hard
Monaco|Sergio Perez|17729863945523124675|020	435	hard/medium
Monaco|Sergio Perez|17729863945523124675|021	1	hard
Monaco|Valtteri Bottas|17729863945523124675|015	429	medium
Monaco|Valtteri Bottas|17729863945523124675|016	2	medium
Monaco|Valtteri Bottas|17729863945523124675|029	427	medium/soft
Monaco|Valtteri Bottas|17729863945523124675|030	1	soft
Montreal|Alexander Albon|14577742557187250604|010	407	soft
Montreal|Alexander Albon|14577742557187250604|011	26	soft
Montreal|Alexander Albon|14577742557187250604|020	405	medium/soft
Montreal|Alexander Albon|14577742557187250604|021	27	medium
Montreal|Antonio Giovinazzi|14577742557187250604|010	404	soft
Montreal|Antonio Giovinazzi|14577742557187250604|011	27	soft
Montreal|Antonio Giovinazzi|14577742557187250604|020	412	medium/soft
Montreal|Antonio Giovinazzi|14577742557187250604|021	27	medium
Montreal|Carlos Sainz|14577742557187250604|011	408	soft
Montreal|Carlos Sainz|14577742557187250604|012	27	soft
Montreal|Carlos Sainz|14577742557187250604|021	403	medium/soft
Montreal|Carlos Sainz|14577742557187250604|022	26	medium
Montreal|Charles Leclerc|14577742557187250604|010	412	soft
Montreal|Charles Leclerc|14577742557187250604|011	27	soft
Montreal|Charles Leclerc|14577742557187250604|020	403	medium/soft
Montreal|Charles Leclerc|14577742557187250604|021	27	medium
Montreal|Daniel Ricciardo|14577742557187250604|009	410	medium/soft
Montreal|Daniel Ricciardo|14577742557187250604|010	27	medium
Montreal|Daniel Ricciardo|14577742557187250604|022	399	medium
Montreal|Daniel Ricciardo|14577742557187250604|023	26	medium
Montreal|Daniil Kvyat|14577742557187250604|009	411	medium/soft
Montreal|Daniil Kvyat|14577742557187250604|010	26	medium
Montreal|Daniil Kvyat|14577742557187250604|022	397	medium
Montreal|Daniil Kvyat|14577742557187250604|023	26	medium
Montreal|Esteban Ocon|14577742557187250604|010	408	medium/soft
Montreal|Esteban Ocon|14577742557187250604|011	28	medium
Montreal|Esteban Ocon|14577742557187250604|023	392	medium
Montreal|Esteban Ocon|14577742557187250604|024	27	medium
Montreal|George Russell|14577742557187250604|010	401	medium/soft
Montreal|George Russell|14577742557187250604|011	27	medium
Montreal|George Russell|14577742557187250604|023	592	medium
Montreal|George Russell|14577742557187250604|024	55	medium
Montreal|Kevin Magnussen|14577742557187250604|009	411	medium/soft
Montreal|Kevin Magnussen|14577742557187250604|010	27	medium
Montreal|Kevin Magnussen|14577742557187250604|022	404	medium
Montreal|Kevin Magnussen|14577742557187250604|023	26	medium
Montreal|Kimi Räikkönen|14577742557187250604|009	409	medium/soft
Montreal|Kimi Räikkönen|14577742557187250604|010	27	medium
Montreal|Kimi Räikkönen|14577742557187250604|022	403	medium
Montreal|Kimi Räikkönen|14577742557187250604|023	27	medium
Montreal|Lance Stroll|14577742557187250604|009	406	medium/soft
Montreal|Lance Stroll|14577742557187250604|010	27	medium
Montreal|Lance Stroll|14577742557187250604|022	407	medium
Montreal|Lance Stroll|14577742557187250604|023	26	medium
Montreal|Lance Stroll|14577742557187250604|028	9334	medium/unknown
Montreal|Lando Norris|14577742557187250604|010	403	soft
Montreal|Lando Norris|14577742557187250604|011	27	soft
Montreal|Lando Norris|14577742557187250604|020	405	medium/soft
Montreal|Lando Norris|14577742557187250604|021	26	medium
Montreal|Lewis Hamilton|14577742557187250604|009	413	medium/soft
Montreal|Lewis Hamilton|14577742557187250604|010	26	medium
Montreal|Lewis Hamilton|14577742557187250604|022	403	medium
Montreal|Lewis Hamilton|14577742557187250604|023	26	medium
Montreal|Max Verstappen|14577742557187250604|009	424	medium/soft
Montreal|Max Verstappen|14577742557187250604|010	27	medium
Montreal|Max Verstappen|14577742557187250604|022	400	medium/unknown
Montreal|Max Verstappen|14577742557187250604|023	26	medium
Montreal|Nicholas Latifi|14577742557187250604|009	412	medium/soft
Montreal|Nicholas Latifi|14577742557187250604|010	26	medium
Montreal|Nicholas Latifi|14577742557187250604|022	402	medium
Montreal|Nicholas Latifi|14577742557187250604|023	26	medium
Montreal|Pierre Gasly|14577742557187250604|010	409	soft
Montreal|Pierre Gasly|14577742557187250604|011	27	soft
Montreal|Pierre Gasly|14577742557187250604|020	409	medium/soft
Montreal|Pierre Gasly|14577742557187250604|021	26	medium
Montreal|Romain Grosjean|14577742557187250604|010	442	medium/soft
Montreal|Romain Grosjean|14577742557187250604|011	26	medium
Montreal|Romain Grosjean|14577742557187250604|023	466	medium
Montreal|Romain Grosjean|14577742557187250604|024	54	medium
Montreal|Sebastian Vettel|14577742557187250604|011	430	soft
Montreal|Sebastian Vettel|14577742557187250604|012	26	soft
Montreal|Sebastian Vettel|14577742557187250604|021	404	medium/soft
Montreal|Sebastian Vettel|14577742557187250604|022	27	medium
Montreal|Sergio Perez|14577742557187250604|007	412	soft
Montreal|Sergio Perez|14577742557187250604|008	27	soft
Montreal|Sergio Perez|14577742557187250604|015	408	medium/soft
Montreal|Sergio Perez|14577742557187250604|016	26	medium
Montreal|Sergio Perez|14577742557187250604|025	410	medium
Montreal|Sergio Perez|14577742557187250604|026	27	medium
Montreal|Valtteri Bottas|14577742557187250604|015	408	medium/soft
Montreal|Valtteri Bottas|14577742557187250604|016	26	soft
Montreal|Valtteri Bottas|14577742557187250604|023	405	soft
Montreal|Valtteri Bottas|14577742557187250604|024	27	soft
Monza|Alexander Albon|1087987310493855854|008	30886	soft
Monza|Antonio Giovinazzi|1087987310493855854|008	88	soft
Monza|Antonio Giovinazzi|1087987310493855854|009	783	hard/soft
Monza|Carlos Sainz|1087987310493855854|011	88	soft
Monza|Carlos Sainz|1087987310493855854|012	377	medium/soft
Monza|Charles Leclerc|1087987310493855854|011	88	soft
Monza|Charles Leclerc|1087987310493855854|012	374	medium/soft
Monza|Daniel Ricciardo|1087987310493855854|012	88	soft
Monza|Daniel Ricciardo|1087987310493855854|013	510	medium/soft
Monza|Daniil Kvyat|1087987310493855854|011	87	soft
Monza|Daniil Kvyat|1087987310493855854|012	382	medium/soft
Monza|Esteban Ocon|1087987310493855854|011	87	soft
Monza|Esteban Ocon|1087987310493855854|012	384	medium/soft
Monza|George Russell|1087987310493855854|008	88	soft
Monza|George Russell|1087987310493855854|009	713	hard/soft
Monza|George Russell|1087987310493855854|024	2250	hard
Monza|Kevin Magnussen|1087987310493855854|008	88	soft
Monza|Kevin Magnussen|1087987310493855854|009	586	hard/soft
Monza|Kimi Räikkönen|1087987310493855854|008	88	soft
Monza|Kimi Räikkönen|1087987310493855854|009	493	hard/soft
Monza|Lance Stroll|1087987310493855854|011	87	soft
Monza|Lance Stroll|1087987310493855854|012	383	medium/soft
Monza|Lando Norris|1087987310493855854|012	87	soft
Monza|Lando Norris|1087987310493855854|013	379	medium/soft
Monza|Lewis Hamilton|1087987310493855854|011	90	soft
Monza|Lewis Hamilton|1087987310493855854|012	379	medium/soft
Monza|Max Verstappen|1087987310493855854|011	89	soft
Monza|Max Verstappen|1087987310493855854|012	376	medium/soft
Monza|Nicholas Latifi|1087987310493855854|008	88	soft
Monza|Nicholas Latifi|1087987310493855854|009	484	hard/soft
Monza|Pierre Gasly|1087987310493855854|008	89	soft
Monza|Pierre Gasly|1087987310493855854|009	500	hard/soft
Monza|Romain Grosjean|1087987310493855854|008	89	soft
Monza|Romain Grosjean|1087987310493855854|009	519	hard/soft
Monza|Sebastian Vettel|1087987310493855854|004	40218	soft
Monza|Sergio Perez|1087987310493855854|012	88	soft
Monza|Sergio Perez|1087987310493855854|013	376	medium/soft
Monza|Valtteri Bottas|1087987310493855854|015	89	medium
Monza|Valtteri Bottas|1087987310493855854|016	380	medium/soft
Paul Ricard|Alexander Albon|4387289034743635457|013	561	hard/medium
Paul Ricard|Alexander Albon|4387289034743635457|014	8	hard
Paul Ricard|Antonio Giovinazzi|4387289034743635457|013	571	hard/medium
Paul Ricard|Antonio Giovinazzi|4387289034743635457|014	7	hard
Paul Ricard|Carlos Sainz|4387289034743635457|012	570	hard/medium
Paul Ricard|Carlos Sainz|4387289034743635457|013	7	hard
Paul Ricard|Charles Leclerc|4387289034743635457|012	555	hard/medium
Paul Ricard|Charles Leclerc|4387289034743635457|013	8	hard
Paul Ricard|Daniel Ricciardo|4387289034743635457|013	568	hard/medium
Paul Ricard|Daniel Ricciardo|4387289034743635457|014	7	hard
Paul Ricard|Daniil Kvyat|4387289034743635457|012	576	hard/medium
Paul Ricard|Daniil Kvyat|4387289034743635457|013	8	hard
Paul Ricard|Esteban Ocon|4387289034743635457|012	571	hard/medium
Paul Ricard|Esteban Ocon|4387289034743635457|013	8	hard
Paul Ricard|George Russell|4387289034743635457|013	556	hard/medium
Paul Ricard|George Russell|4387289034743635457|014	7	hard
Paul Ricard|Kevin Magnussen|4387289034743635457|012	574	hard/medium
Paul Ricard|Kevin Magnussen|4387289034743635457|013	7	hard
Paul Ricard|Kimi Räikkönen|4387289034743635457|012	579	hard/medium
Paul Ricard|Kimi Räikkönen|4387289034743635457|013	8	hard
Paul Ricard|Lance Stroll|4387289034743635457|012	572	hard/medium
Paul Ricard|Lance Stroll|4387289034743635457|013	8	hard
Paul Ricard|Lando Norris|4387289034743635457|013	574	hard/medium
Paul Ricard|Lando Norris|4387289034743635457|014	7	hard
Paul Ricard|Lewis Hamilton|4387289034743635457|013	568	hard/medium
Paul Ricard|Lewis Hamilton|4387289034743635457|014	7	hard
Paul Ricard|Max Verstappen|4387289034743635457|012	555	hard/medium
Paul Ricard|Max Verstappen|4387289034743635457|013	8	hard
Paul Ricard|Nicholas Latifi|4387289034743635457|012	556	hard/medium
Paul Ricard|Nicholas Latifi|4387289034743635457|013	8	hard
Paul Ricard|Pierre Gasly|4387289034743635457|013	571	hard/medium
Paul Ricard|Pierre Gasly|4387289034743635457|014	8	hard
Paul Ricard|Romain Grosjean|4387289034743635457|013	25698	medium
Paul Ricard|Sebastian Vettel|4387289034743635457|013	592	hard/medium
Paul Ricard|Sebastian Vettel|4387289034743635457|014	8	hard
Paul Ricard|Sergio Perez|4387289034743635457|013	573	hard/medium
Paul Ricard|Sergio Perez|4387289034743635457|014	8	hard
Paul Ricard|Valtteri Bottas|4387289034743635457|012	578	hard/medium
Paul Ricard|Valtteri Bottas|4387289034743635457|013	8	hard
RedBull Ring|Alexander Albon|8377650301140219417|016	52	soft
RedBull Ring|Alexander Albon|8377650301140219417|017	293	medium/soft
RedBull Ring|Antonio Giovinazzi|8377650301140219417|016	51	soft
RedBull Ring|Antonio Giovinazzi|8377650301140219417|017	320	medium/soft
RedBull Ring|Carlos Sainz|8377650301140219417|015	52	soft
RedBull Ring|Carlos Sainz|8377650301140219417|016	330	medium/soft
RedBull Ring|Charles Leclerc|8377650301140219417|015	53	soft
RedBull Ring|Charles Leclerc|8377650301140219417|016	305	medium/soft
RedBull Ring|Daniel Ricciardo|8377650301140219417|016	52	soft
RedBull Ring|Daniel Ricciardo|8377650301140219417|017	303	medium/soft
RedBull Ring|Daniil Kvyat|8377650301140219417|015	52	soft
RedBull Ring|Daniil Kvyat|8377650301140219417|016	310	medium/soft
RedBull Ring|Esteban Ocon|8377650301140219417|015	53	soft
RedBull Ring|Esteban Ocon|8377650301140219417|016	306	medium/soft
RedBull Ring|George Russell|8377650301140219417|014	52	soft
RedBull Ring|George Russell|8377650301140219417|015	404	hard/soft
RedBull Ring|Kevin Magnussen|8377650301140219417|013	52	soft
RedBull Ring|Kevin Magnussen|8377650301140219417|014	305	hard/soft
RedBull Ring|Kimi Räikkönen|8377650301140219417|015	51	soft
RedBull Ring|Kimi Räikkönen|8377650301140219417|016	305	medium/soft
RedBull Ring|Lance Stroll|8377650301140219417|015	52	soft
RedBull Ring|Lance Stroll|8377650301140219417|016	303	medium/soft
RedBull Ring|Lando Norris|8377650301140219417|016	51	soft
RedBull Ring|Lando Norris|8377650301140219417|017	299	medium/soft
RedBull Ring|Lewis Hamilton|8377650301140219417|015	51	soft
RedBull Ring|Lewis Hamilton|8377650301140219417|016	306	medium/soft
RedBull Ring|Max Verstappen|8377650301140219417|015	52	soft
RedBull Ring|Max Verstappen|8377650301140219417|016	297	medium/soft
RedBull Ring|Pierre Gasly|8377650301140219417|016	52	soft
RedBull Ring|Pierre Gasly|8377650301140219417|017	305	medium/soft
RedBull Ring|Romain Grosjean|8377650301140219417|014	52	soft
RedBull Ring|Romain Grosjean|8377650301140219417|015	300	hard/soft
RedBull Ring|Sebastian Vettel|8377650301140219417|016	52	soft
RedBull Ring|Sebastian Vettel|8377650301140219417|017	297	medium/soft
RedBull Ring|Sergio Perez|8377650301140219417|016	53	soft
RedBull Ring|Sergio Perez|8377650301140219417|017	300	medium/soft
RedBull Ring|Valtteri Bottas|8377650301140219417|021	51	medium
RedBull Ring|Valtteri Bottas|8377650301140219417|022	296	medium/soft
Sakhir|Alexander Albon|3335673977098133433|014	32	medium
Sakhir|Alexander Albon|3335673977098133433|015	435	hard/medium
Sakhir|Antonio Giovinazzi|3335673977098133433|013	31	medium
Sakhir|Antonio Giovinazzi|3335673977098133433|014	593	hard/medium
Sakhir|Carlos Sainz|3335673977098133433|014	31	medium
Sakhir|Carlos Sainz|3335673977098133433|015	441	hard/medium
Sakhir|Charles Leclerc|3335673977098133433|014	31	medium
Sakhir|Charles Leclerc|3335673977098133433|015	443	hard/medium
Sakhir|Daniel Ricciardo|3335673977098133433|014	32	medium
Sakhir|Daniel Ricciardo|3335673977098133433|015	439	hard/medium
Sakhir|Daniel Ricciardo|3335673977098133433|028	803	hard
Sakhir|Daniil Kvyat|3335673977098133433|013	32	medium
Sakhir|Daniil Kvyat|3335673977098133433|014	572	hard/medium
Sakhir|Esteban Ocon|3335673977098133433|013	31	medium
Sakhir|Esteban Ocon|3335673977098133433|014	447	hard/medium
Sakhir|George Russell|3335673977098133433|014	32	medium
Sakhir|George Russell|3335673977098133433|015	437	hard/medium
Sakhir|Kevin Magnussen|3335673977098133433|014	32	medium
Sakhir|Kevin Magnussen|3335673977098133433|015	444	hard/medium
Sakhir|Kimi Räikkönen|3335673977098133433|007	32	soft
Sakhir|Kimi Räikkönen|3335673977098133433|008	447	medium/soft
Sakhir|Kimi Räikkönen|3335673977098133433|018	32	medium
Sakhir|Kimi Räikkönen|3335673977098133433|019	444	medium
Sakhir|Lance Stroll|3335673977098133433|013	31	medium
Sakhir|Lance Stroll|3335673977098133433|014	437	hard/medium
Sakhir|Lando Norris|3335673977098133433|013	31	medium
Sakhir|Lando Norris|3335673977098133433|014	433	hard/medium
Sakhir|Lewis Hamilton|3335673977098133433|014	32	medium
Sakhir|Lewis Hamilton|3335673977098133433|015	440	hard/medium
Sakhir|Max Verstappen|3335673977098133433|013	32	medium
Sakhir|Max Verstappen|3335673977098133433|014	430	hard/medium
Sakhir|Nicholas Latifi|3335673977098133433|013	32	medium
Sakhir|Nicholas Latifi|3335673977098133433|014	432	hard/medium
Sakhir|Pierre Gasly|3335673977098133433|014	32	medium
Sakhir|Pierre Gasly|3335673977098133433|015	453	hard/medium
Sakhir|Romain Grosjean|3335673977098133433|013	32	medium
Sakhir|Romain Grosjean|3335673977098133433|014	486	hard/medium
Sakhir|Sebastian Vettel|3335673977098133433|013	31	medium
Sakhir|Sebastian Vettel|3335673977098133433|014	435	hard/medium
Sakhir|Sergio Perez|3335673977098133433|014	32	medium
Sakhir|Sergio Perez|3335673977098133433|015	459	hard/medium
Sakhir|Valtteri Bottas|3335673977098133433|013	31	medium
Sakhir|Valtteri Bottas|3335673977098133433|014	437	hard/medium
Shanghai|Alexander Albon|17192138584092610649|014	38	medium
Shanghai|Alexander Albon|17192138584092610649|015	375	hard/medium
Shanghai|Antonio Giovinazzi|17192138584092610649|013	38	medium
Shanghai|Antonio Giovinazzi|17192138584092610649|014	386	hard/medium
Shanghai|Carlos Sainz|17192138584092610649|014	38	medium
Shanghai|Carlos Sainz|17192138584092610649|015	376	hard/medium
Shanghai|Charles Leclerc|17192138584092610649|013	38	medium
Shanghai|Charles Leclerc|17192138584092610649|014	373	hard/medium
Shanghai|Daniel Ricciardo|17192138584092610649|003	48517	medium/unknown
Shanghai|Daniil Kvyat|17192138584092610649|014	38	medium
Shanghai|Daniil Kvyat|17192138584092610649|015	378	hard/medium
Shanghai|Esteban Ocon|17192138584092610649|014	38	medium
Shanghai|Esteban Ocon|17192138584092610649|015	378	hard/medium
Shanghai|George Russell|17192138584092610649|013	37	medium
Shanghai|George Russell|17192138584092610649|014	382	hard/medium
Shanghai|Kevin Magnussen|17192138584092610649|012	38	medium
Shanghai|Kevin Magnussen|17192138584092610649|013	382	hard/medium
Shanghai|Kimi Räikkönen|17192138584092610649|014	37	medium
Shanghai|Kimi Räikkönen|17192138584092610649|015	382	hard/medium
Shanghai|Lance Stroll|17192138584092610649|013	38	medium
Shanghai|Lance Stroll|17192138584092610649|014	394	hard/medium
Shanghai|Lando Norris|17192138584092610649|013	37	medium
Shanghai|Lando Norris|17192138584092610649|014	369	hard/medium
Shanghai|Lewis Hamilton|17192138584092610649|013	39	medium
Shanghai|Lewis Hamilton|17192138584092610649|014	398	hard/medium
Shanghai|Max Verstappen|17192138584092610649|013	38	medium
Shanghai|Max Verstappen|17192138584092610649|014	373	hard/medium
Shanghai|Nicholas Latifi|17192138584092610649|012	38	medium
Shanghai|Nicholas Latifi|17192138584092610649|013	376	hard/medium
Shanghai|Pierre Gasly|17192138584092610649|013	38	medium
Shanghai|Pierre Gasly|17192138584092610649|014	377	hard/medium
Shanghai|Romain Grosjean|17192138584092610649|013	38	medium
Shanghai|Romain Grosjean|17192138584092610649|014	420	hard/medium
Shanghai|Romain Grosjean|17192138584092610649|025	4697	hard
Shanghai|Sebastian Vettel|17192138584092610649|014	39	medium
Shanghai|Sebastian Vettel|17192138584092610649|015	375	hard/medium
Shanghai|Sergio Perez|17192138584092610649|014	38	medium
Shanghai|Sergio Perez|17192138584092610649|015	380	hard/medium
Shanghai|Valtteri Bottas|17192138584092610649|019	37	hard
Shanghai|Valtteri Bottas|17192138584092610649|020	378	hard/soft
Silverstone|Alexander Albon|4873310982705891749|012	314	soft/unknown
Silverstone|Alexander Albon|4873310982705891749|013	497	medium/soft
Silverstone|Antonio Giovinazzi|4873310982705891749|012	224	soft
Silverstone|Antonio Giovinazzi|4873310982705891749|013	503	medium/soft
Silverstone|Carlos Sainz|4873310982705891749|011	225	soft
Silverstone|Carlos Sainz|4873310982705891749|012	500	medium/soft
Silverstone|Charles Leclerc|4873310982705891749|011	223	soft
Silverstone|Charles Leclerc|4873310982705891749|012	496	hard/soft
Silverstone|Daniel Ricciardo|4873310982705891749|011	225	soft
Silverstone|Daniel Ricciardo|4873310982705891749|012	511	medium/soft
Silverstone|Daniil Kvyat|4873310982705891749|011	223	soft
Silverstone|Daniil Kvyat|4873310982705891749|012	622	medium/soft
Silverstone|Esteban Ocon|4873310982705891749|010	224	soft
Silverstone|Esteban Ocon|4873310982705891749|011	506	hard/soft
Silverstone|George Russell|4873310982705891749|012	224	soft
Silverstone|George Russell|4873310982705891749|013	498	medium/soft
Silverstone|Kevin Magnussen|4873310982705891749|011	223	soft
Silverstone|Kevin Magnussen|4873310982705891749|012	622	medium/soft
Silverstone|Kimi Räikkönen|4873310982705891749|011	224	soft
Silverstone|Kimi Räikkönen|4873310982705891749|012	657	medium/soft
Silverstone|Lance Stroll|4873310982705891749|011	224	soft
Silverstone|Lance Stroll|4873310982705891749|012	503	medium/soft
Silverstone|Lando Norris|4873310982705891749|012	223	soft
Silverstone|Lando Norris|4873310982705891749|013	503	medium/soft
Silverstone|Lewis Hamilton|4873310982705891749|012	411	soft/unknown
Silverstone|Lewis Hamilton|4873310982705891749|013	531	hard/soft
Silverstone|Max Verstappen|4873310982705891749|011	226	soft
Silverstone|Max Verstappen|4873310982705891749|012	495	medium/soft
Silverstone|Nicholas Latifi|4873310982705891749|011	345	soft
Silverstone|Nicholas Latifi|4873310982705891749|012	536	medium/soft
Silverstone|Pierre Gasly|4873310982705891749|012	223	soft
Silverstone|Pierre Gasly|4873310982705891749|013	529	medium/soft
Silverstone|Romain Grosjean|4873310982705891749|010	223	soft
Silverstone|Romain Grosjean|4873310982705891749|011	502	hard/soft
Silverstone|Romain Grosjean|4873310982705891749|016	15731	hard/unknown
Silverstone|Sebastian Vettel|4873310982705891749|012	224	soft
Silverstone|Sebastian Vettel|4873310982705891749|013	498	medium/soft
Silverstone|Sergio Perez|4873310982705891749|012	224	soft
Silverstone|Sergio Perez|4873310982705891749|013	504	medium/soft
Silverstone|Valtteri Bottas|4873310982705891749|013	225	soft
Silverstone|Valtteri Bottas|4873310982705891749|014	499	medium/soft
Sochi|Alexander Albon|12837930614967511104|012	119	soft
Sochi|Alexander Albon|12837930614967511104|013	457	medium/soft
Sochi|Antonio Giovinazzi|12837930614967511104|011	115	soft/unknown
Sochi|Antonio Giovinazzi|12837930614967511104|012	437	medium/soft
Sochi|Carlos Sainz|12837930614967511104|012	120	soft
Sochi|Carlos Sainz|12837930614967511104|013	456	medium/soft
Sochi|Charles Leclerc|12837930614967511104|011	121	soft
Sochi|Charles Leclerc|12837930614967511104|012	429	medium/soft
Sochi|Daniel Ricciardo|12837930614967511104|011	120	soft
Sochi|Daniel Ricciardo|12837930614967511104|012	431	hard/soft/unknown
Sochi|Daniil Kvyat|12837930614967511104|012	121	soft
Sochi|Daniil Kvyat|12837930614967511104|013	551	medium/soft
Sochi|Esteban Ocon|12837930614967511104|012	119	soft
Sochi|Esteban Ocon|12837930614967511104|013	433	hard/soft
Sochi|George Russell|12837930614967511104|012	121	soft
Sochi|George Russell|12837930614967511104|013	427	hard/soft
Sochi|Kevin Magnussen|12837930614967511104|011	121	soft
Sochi|Kevin Magnussen|12837930614967511104|012	424	medium/soft/unknown
Sochi|Kimi Räikkönen|12837930614967511104|012	120	soft
Sochi|Kimi Räikkönen|12837930614967511104|013	433	medium/soft
Sochi|Lance Stroll|12837930614967511104|015	120	medium
Sochi|Lance Stroll|12837930614967511104|016	431	medium/soft
Sochi|Lando Norris|12837930614967511104|011	120	soft
Sochi|Lando Norris|12837930614967511104|012	430	medium/soft/unknown
Sochi|Lewis Hamilton|12837930614967511104|011	120	soft
Sochi|Lewis Hamilton|12837930614967511104|012	430	medium/soft/unknown
Sochi|Max Verstappen|12837930614967511104|011	120	soft
Sochi|Max Verstappen|12837930614967511104|012	427	medium/soft
Sochi|Nicholas Latifi|12837930614967511104|011	122	soft
Sochi|Nicholas Latifi|12837930614967511104|012	425	medium/soft
Sochi|Pierre Gasly|12837930614967511104|011	121	soft
Sochi|Pierre Gasly|12837930614967511104|012	544	medium/soft
Sochi|Romain Grosjean|12837930614967511104|012	121	soft
Sochi|Romain Grosjean|12837930614967511104|013	437	medium/soft
Sochi|Sebastian Vettel|12837930614967511104|012	119	soft
Sochi|Sebastian Vettel|12837930614967511104|013	433	medium/soft
Sochi|Sergio Perez|12837930614967511104|016	119	medium
Sochi|Sergio Perez|12837930614967511104|017	438	medium/soft/unknown
Sochi|Valtteri Bottas|12837930614967511104|015	118	medium
Sochi|Valtteri Bottas|12837930614967511104|016	432	medium/soft
Spa|Alexander Albon|4048657932346004126|009	76	soft
Spa|Alexander Albon|4048657932346004126|010	370	medium/soft
Spa|Antonio Giovinazzi|4048657932346004126|010	78	soft
Spa|Antonio Giovinazzi|4048657932346004126|011	348	medium/soft
Spa|Carlos Sainz|4048657932346004126|008	77	soft
Spa|Carlos Sainz|4048657932346004126|009	346	medium/soft
Spa|Charles Leclerc|4048657932346004126|009	77	soft
Spa|Charles Leclerc|4048657932346004126|010	346	medium/soft
Spa|Daniel Ricciardo|4048657932346004126|008	78	soft
Spa|Daniel Ricciardo|4048657932346004126|009	347	medium/soft
Spa|Daniil Kvyat|4048657932346004126|009	77	soft
Spa|Daniil Kvyat|4048657932346004126|010	349	medium/soft
Spa|Esteban Ocon|4048657932346004126|001	77	soft
Spa|Esteban Ocon|4048657932346004126|002	467	soft
Spa|Esteban Ocon|4048657932346004126|009	79	soft
Spa|Esteban Ocon|4048657932346004126|010	341	medium/soft
Spa|George Russell|4048657932346004126|001	76	soft
Spa|George Russell|4048657932346004126|002	448	soft
Spa|George Russell|4048657932346004126|004	37976	soft/unknown
Spa|Kevin Magnussen|4048657932346004126|010	78	medium
Spa|Kevin Magnussen|4048657932346004126|011	352	hard/medium
Spa|Kimi Räikkönen|4048657932346004126|009	78	soft
Spa|Kimi Räikkönen|4048657932346004126|010	350	medium/soft
Spa|Lance Stroll|4048657932346004126|009	78	soft
Spa|Lance Stroll|4048657932346004126|010	343	medium/soft
Spa|Lando Norris|4048657932346004126|009	78	soft
Spa|Lando Norris|4048657932346004126|010	349	hard/soft
Spa|Lewis Hamilton|4048657932346004126|008	78	soft
Spa|Lewis Hamilton|4048657932346004126|009	342	medium/soft
Spa|Max Verstappen|4048657932346004126|008	78	soft
Spa|Max Verstappen|4048657932346004126|009	341	medium/soft
Spa|Nicholas Latifi|4048657932346004126|008	78	soft
Spa|Nicholas Latifi|4048657932346004126|009	337	medium/soft
Spa|Pierre Gasly|4048657932346004126|008	78	soft
Spa|Pierre Gasly|4048657932346004126|009	465	medium/soft
Spa|Romain Grosjean|4048657932346004126|007	77	soft
Spa|Romain Grosjean|4048657932346004126|008	351	hard/soft
Spa|Romain Grosjean|4048657932346004126|020	78	hard
Spa|Romain Grosjean|4048657932346004126|021	486	hard/soft
Spa|Sebastian Vettel|4048657932346004126|010	77	soft
Spa|Sebastian Vettel|4048657932346004126|011	335	medium/soft
Spa|Sergio Perez|4048657932346004126|010	78	soft
Spa|Sergio Perez|4048657932346004126|011	341	medium/soft
Spa|Valtteri Bottas|4048657932346004126|013	77	medium
Spa|Valtteri Bottas|4048657932346004126|014	340	medium/soft
Suzuka|Alexander Albon|15313198597432510041|012	34	soft
Suzuka|Alexander Albon|15313198597432510041|013	407	medium/soft
Suzuka|Antonio Giovinazzi|15313198597432510041|011	34	soft
Suzuka|Antonio Giovinazzi|15313198597432510041|012	409	hard/soft
Suzuka|Carlos Sainz|15313198597432510041|009	33	soft
Suzuka|Carlos Sainz|15313198597432510041|010	411	hard/soft
Suzuka|Charles Leclerc|15313198597432510041|009	33	soft
Suzuka|Charles Leclerc|15313198597432510041|010	415	hard/soft
Suzuka|Daniel Ricciardo|15313198597432510041|010	34	soft
Suzuka|Daniel Ricciardo|15313198597432510041|011	414	hard/soft
Suzuka|Daniil Kvyat|15313198597432510041|009	34	soft
Suzuka|Daniil Kvyat|15313198597432510041|010	413	hard/soft
Suzuka|Esteban Ocon|15313198597432510041|009	33	soft
Suzuka|Esteban Ocon|15313198597432510041|010	416	hard/soft
Suzuka|George Russell|15313198597432510041|010	34	soft
Suzuka|George Russell|15313198597432510041|011	403	hard/soft
Suzuka|Kevin Magnussen|15313198597432510041|009	34	soft
Suzuka|Kevin Magnussen|15313198597432510041|010	416	hard/soft
Suzuka|Kimi Räikkönen|15313198597432510041|010	34	soft
Suzuka|Kimi Räikkönen|15313198597432510041|011	414	hard/soft
Suzuka|Lance Stroll|15313198597432510041|011	34	soft
Suzuka|Lance Stroll|15313198597432510041|012	409	medium/soft
Suzuka|Lando Norris|15313198597432510041|013	33	medium
Suzuka|Lando Norris|15313198597432510041|014	407	hard/medium
Suzuka|Lewis Hamilton|15313198597432510041|010	33	soft
Suzuka|Lewis Hamilton|15313198597432510041|011	409	hard/soft
Suzuka|Max Verstappen|15313198597432510041|011	33	soft
Suzuka|Max Verstappen|15313198597432510041|012	412	medium/soft
Suzuka|Nicholas Latifi|15313198597432510041|009	34	soft
Suzuka|Nicholas Latifi|15313198597432510041|010	404	hard/soft
Suzuka|Pierre Gasly|15313198597432510041|010	33	soft
Suzuka|Pierre Gasly|15313198597432510041|011	414	hard/soft
Suzuka|Romain Grosjean|15313198597432510041|010	33	soft
Suzuka|Romain Grosjean|15313198597432510041|011	411	hard/soft
Suzuka|Sebastian Vettel|15313198597432510041|010	33	soft
Suzuka|Sebastian Vettel|15313198597432510041|011	411	hard/soft
Suzuka|Sergio Perez|15313198597432510041|011	28219	soft/unknown
Suzuka|Valtteri Bottas|15313198597432510041|018	34	hard
Suzuka|Valtteri Bottas|15313198597432510041|019	408	hard/soft
Yas Marina|Alexander Albon|367597643936668713|010	19	medium
Yas Marina|Alexander Albon|367597643936668713|011	376	medium
Yas Marina|Alexander Albon|367597643936668713|020	20	medium
Yas Marina|Alexander Albon|367597643936668713|021	369	medium/soft
Yas Marina|Antonio Giovinazzi|367597643936668713|010	20	medium
Yas Marina|Antonio Giovinazzi|367597643936668713|011	367	medium
Yas Marina|Antonio Giovinazzi|367597643936668713|020	20	medium
Yas Marina|Antonio Giovinazzi|367597643936668713|021	368	medium/soft
Yas Marina|Carlos Sainz|367597643936668713|011	20	medium
Yas Marina|Carlos Sainz|367597643936668713|012	365	medium
Yas Marina|Carlos Sainz|367597643936668713|021	20	medium
Yas Marina|Carlos Sainz|367597643936668713|022	362	medium/soft
Yas Marina|Charles Leclerc|367597643936668713|010	19	medium
Yas Marina|Charles Leclerc|367597643936668713|011	367	medium
Yas Marina|Charles Leclerc|367597643936668713|020	20	medium
Yas Marina|Charles Leclerc|367597643936668713|021	369	medium/soft
Yas Marina|Daniel Ricciardo|367597643936668713|010	20	medium
Yas Marina|Daniel Ricciardo|367597643936668713|011	376	medium
Yas Marina|Daniel Ricciardo|367597643936668713|020	21	medium
Yas Marina|Daniel Ricciardo|367597643936668713|021	367	medium/soft
Yas Marina|Daniil Kvyat|367597643936668713|009	21	soft
Yas Marina|Daniil Kvyat|367597643936668713|010	363	medium/soft
Yas Marina|Daniil Kvyat|367597643936668713|019	20	medium
Yas Marina|Daniil Kvyat|367597643936668713|020	367	medium
Yas Marina|Esteban Ocon|367597643936668713|008	19	soft
Yas Marina|Esteban Ocon|367597643936668713|009	376	soft
Yas Marina|Esteban Ocon|367597643936668713|017	20	soft
Yas Marina|Esteban Ocon|367597643936668713|018	369	medium/soft
Yas Marina|George Russell|367597643936668713|009	19	soft
Yas Marina|George Russell|367597643936668713|010	359	soft
Yas Marina|George Russell|367597643936668713|017	20	soft
Yas Marina|George Russell|367597643936668713|018	367	medium/soft
Yas Marina|Kevin Magnussen|367597643936668713|008	21	soft
Yas Marina|Kevin Magnussen|367597643936668713|009	367	medium/soft
Yas Marina|Kevin Magnussen|367597643936668713|018	20	medium
Yas Marina|Kevin Magnussen|367597643936668713|019	372	medium
Yas Marina|Kimi Räikkönen|367597643936668713|006	20	soft
Yas Marina|Kimi Räikkönen|367597643936668713|007	369	soft
Yas Marina|Kimi Räikkönen|367597643936668713|013	20	soft
Yas Marina|Kimi Räikkönen|367597643936668713|014	366	soft
Yas Marina|Kimi Räikkönen|367597643936668713|021	20	soft
Yas Marina|Kimi Räikkönen|367597643936668713|022	375	medium/soft
Yas Marina|Lance Stroll|367597643936668713|010	20	medium
Yas Marina|Lance Stroll|367597643936668713|011	372	medium
Yas Marina|Lance Stroll|367597643936668713|020	20	medium
Yas Marina|Lance Stroll|367597643936668713|021	370	medium/soft
Yas Marina|Lando Norris|367597643936668713|010	19	medium
Yas Marina|Lando Norris|367597643936668713|011	379	medium
Yas Marina|Lando Norris|367597643936668713|020	20	medium
Yas Marina|Lando Norris|367597643936668713|021	397	medium/soft
Yas Marina|Lewis Hamilton|367597643936668713|008	19	soft
Yas Marina|Lewis Hamilton|367597643936668713|009	367	soft
Yas Marina|Lewis Hamilton|367597643936668713|017	20	soft
Yas Marina|Lewis Hamilton|367597643936668713|018	371	medium/soft
Yas Marina|Max Verstappen|367597643936668713|008	19	soft
Yas Marina|Max Verstappen|367597643936668713|009	369	soft
Yas Marina|Max Verstappen|367597643936668713|017	20	soft
Yas Marina|Max Verstappen|367597643936668713|018	360	medium/soft
Yas Marina|Nicholas Latifi|367597643936668713|008	19	soft
Yas Marina|Nicholas Latifi|367597643936668713|009	362	soft
Yas Marina|Nicholas Latifi|367597643936668713|016	20	soft
Yas Marina|Nicholas Latifi|367597643936668713|017	361	medium/soft
Yas Marina|Pierre Gasly|367597643936668713|008	20	soft
Yas Marina|Pierre Gasly|367597643936668713|009	367	medium/soft
Yas Marina|Pierre Gasly|367597643936668713|018	20	medium
Yas Marina|Pierre Gasly|367597643936668713|019	377	medium
Yas Marina|Romain Grosjean|367597643936668713|009	20	soft
Yas Marina|Romain Grosjean|367597643936668713|010	369	medium/soft
Yas Marina|Romain Grosjean|367597643936668713|019	21	medium
Yas Marina|Romain Grosjean|367597643936668713|020	371	medium
Yas Marina|Sebastian Vettel|367597643936668713|006	20	soft
Yas Marina|Sebastian Vettel|367597643936668713|007	365	soft
Yas Marina|Sebastian Vettel|367597643936668713|013	20	soft
Yas Marina|Sebastian Vettel|367597643936668713|014	363	soft
Yas Marina|Sebastian Vettel|367597643936668713|021	20	soft
Yas Marina|Sebastian Vettel|367597643936668713|022	367	medium/soft
Yas Marina|Sergio Perez|367597643936668713|011	20	medium
Yas Marina|Sergio Perez|367597643936668713|012	363	medium
Yas Marina|Sergio Perez|367597643936668713|021	20	medium
Yas Marina|Sergio Perez|367597643936668713|022	373	medium/soft
Yas Marina|Valtteri Bottas|367597643936668713|010	20	medium
Yas Marina|Valtteri Bottas|367597643936668713|011	364	medium/soft
Yas Marina|Valtteri Bottas|367597643936668713|020	20	soft
Yas Marina|Valtteri Bottas|367597643936668713|021	362	soft
Zandvoort|Alexander Albon|470723873226893378|013	13	soft
Zandvoort|Alexander Albon|470723873226893378|014	256	hard/soft
Zandvoort|Antonio Giovinazzi|470723873226893378|013	13	soft
Zandvoort|Antonio Giovinazzi|470723873226893378|014	282	hard/soft
Zandvoort|Carlos Sainz|470723873226893378|020	11	hard
Zandvoort|Carlos Sainz|470723873226893378|021	252	hard/medium
Zandvoort|Charles Leclerc|470723873226893378|016	13	medium
Zandvoort|Charles Leclerc|470723873226893378|017	257	hard/medium
Zandvoort|Daniel Ricciardo|470723873226893378|017	13	medium
Zandvoort|Daniel Ricciardo|470723873226893378|018	261	hard/medium
Zandvoort|Daniil Kvyat|470723873226893378|012	13	soft
Zandvoort|Daniil Kvyat|470723873226893378|013	264	hard/soft
Zandvoort|Esteban Ocon|470723873226893378|016	13	medium
Zandvoort|Esteban Ocon|470723873226893378|017	267	hard/medium
Zandvoort|George Russell|470723873226893378|012	13	soft
Zandvoort|George Russell|470723873226893378|013	251	hard/soft
Zandvoort|Kevin Magnussen|470723873226893378|012	13	soft
Zandvoort|Kevin Magnussen|470723873226893378|013	285	hard/soft
Zandvoort|Kimi Räikkönen|470723873226893378|012	13	soft
Zandvoort|Kimi Räikkönen|470723873226893378|013	259	hard/soft
Zandvoort|Lance Stroll|470723873226893378|012	13	soft
Zandvoort|Lance Stroll|470723873226893378|013	260	hard/soft
Zandvoort|Lando Norris|470723873226893378|024	13	hard
Zandvoort|Lando Norris|470723873226893378|025	261	hard/soft
Zandvoort|Lewis Hamilton|470723873226893378|012	13	soft
Zandvoort|Lewis Hamilton|470723873226893378|013	259	hard/soft
Zandvoort|Max Verstappen|470723873226893378|012	13	soft
Zandvoort|Max Verstappen|470723873226893378|013	254	hard/soft
Zandvoort|Nicholas Latifi|470723873226893378|016	13	medium
Zandvoort|Nicholas Latifi|470723873226893378|017	255	hard/medium
Zandvoort|Pierre Gasly|470723873226893378|013	13	soft
Zandvoort|Pierre Gasly|470723873226893378|014	269	hard/soft
Zandvoort|Romain Grosjean|470723873226893378|013	13	soft
Zandvoort|Romain Grosjean|470723873226893378|014	265	hard/soft
Zandvoort|Romain Grosjean|470723873226893378|021	21485	hard/unknown
Zandvoort|Sebastian Vettel|470723873226893378|012	13	soft
Zandvoort|Sebastian Vettel|470723873226893378|013	275	hard/soft
Zandvoort|Sergio Perez|470723873226893378|013	13	soft
Zandvoort|Sergio Perez|470723873226893378|014	255	hard/soft
Zandvoort|Valtteri Bottas|470723873226893378|016	12	medium
Zandvoort|Valtteri Bottas|470723873226893378|017	255	hard/medium
