Austin|001	20	104.530	97.210	109.553
Austin|002	20	100.881	97.231	103.124
Austin|003	20	100.992	96.957	103.421
Austin|004	20	100.850	97.509	103.949
Austin|005	20	100.309	97.827	104.396
Austin|006	20	100.013	98.285	105.305
Austin|007	20	100.021	98.680	104.653
Austin|008	20	100.132	97.774	104.643
Austin|009	20	103.686	97.940	124.102
Austin|010	20	105.629	97.758	119.323
Austin|011	20	101.532	96.982	116.796
Austin|012	20	101.589	97.417	117.481
Austin|013	20	101.425	96.748	117.761
Austin|014	20	98.983	96.707	101.766
Austin|015	20	99.363	97.219	103.493
Austin|016	19	99.164	96.982	102.161
Austin|017	19	99.269	96.893	101.765
Austin|018	19	102.159	96.999	119.456
Austin|019	19	105.762	97.077	118.620
Austin|020	19	101.942	96.987	117.631
Austin|021	19	99.152	97.256	102.189
Austin|022	19	99.279	97.258	102.093
Austin|023	19	99.253	97.581	102.324
Austin|024	19	99.112	97.232	101.719
Austin|025	19	99.202	97.412	101.529
Austin|026	19	99.386	97.209	103.203
Austin|027	18	97.134	76.751	99.857
Austin|028	4	82.420	70.237	95.963
Baku|001	20	115.779	110.101	121.065
Baku|002	20	108.257	106.701	111.047
Baku|003	20	108.351	106.550	110.272
Baku|004	20	108.760	107.493	110.542
Baku|005	20	108.493	107.085	110.443
Baku|006	20	109.118	107.576	110.950
Baku|007	20	108.959	106.756	110.749
Baku|008	20	108.948	106.994	111.284
Baku|009	20	109.555	107.678	122.330
Baku|010	20	109.138	106.363	122.668
Baku|011	20	108.323	106.714	110.921
Baku|012	20	109.734	107.414	117.773
Baku|013	20	112.221	107.390	124.067
Baku|014	20	112.138	105.211	129.214
Baku|015	20	109.635	105.340	121.856
Baku|016	20	108.269	105.309	110.700
Baku|017	20	108.197	105.160	110.253
Baku|018	20	108.856	105.092	112.808
Baku|019	20	112.374	106.976	127.537
Baku|020	20	109.299	104.878	121.233
Baku|021	20	107.049	102.645	109.922
Baku|022	20	107.538	103.781	109.736
Baku|023	20	109.364	104.711	121.322
Baku|024	20	107.069	103.659	109.324
Baku|025	20	107.169	102.996	108.918
Baku|026	2	97.823	90.987	104.658
Brazil|001	20	81.664	76.334	85.850
Brazil|002	20	74.505	71.919	76.466
Brazil|003	20	74.548	72.482	76.492
Brazil|004	20	74.601	72.523	76.849
Brazil|005	20	74.141	72.346	76.086
Brazil|006	20	74.041	72.105	76.036
Brazil|007	20	74.055	72.403	76.200
Brazil|008	20	74.064	72.062	76.181
Brazil|009	20	74.072	72.502	76.368
Brazil|010	20	74.051	72.326	76.307
Brazil|011	20	74.132	72.070	76.385
Brazil|012	20	74.034	72.415	76.369
Brazil|013	20	74.059	72.311	76.366
Brazil|014	20	75.130	73.226	77.960
Brazil|015	20	79.371	73.448	90.191
Brazil|016	20	77.723	72.360	91.271
Brazil|017	20	76.538	71.774	89.717
Brazil|018	20	74.755	72.845	88.918
Brazil|019	20	73.880	72.339	76.122
Brazil|020	20	74.166	71.768	78.079
Brazil|021	20	74.626	72.368	89.417
Brazil|022	20	74.335	71.871	78.021
Brazil|023	20	76.141	71.874	89.012
Brazil|024	20	74.933	72.308	88.920
Brazil|025	20	73.405	72.163	76.746
Brazil|026	20	73.305	71.176	76.130
Brazil|027	20	73.275	71.493	75.959
Brazil|028	20	73.223	70.819	75.787
Brazil|029	20	73.343	71.859	75.588
Brazil|030	20	73.391	72.236	75.516
Brazil|031	20	73.995	71.807	85.676
Brazil|032	20	73.187	69.565	76.333
Brazil|033	20	73.194	70.698	75.386
Brazil|034	20	73.242	71.142	75.875
Brazil|035	18	71.411	62.561	73.758
Brazil|036	3	63.487	58.041	69.979
Catalunya|001	20	89.995	84.919	94.483
Catalunya|002	20	83.363	82.106	85.452
Catalunya|003	20	83.907	82.783	84.959
Catalunya|004	20	83.733	81.097	87.095
Catalunya|005	19	83.263	81.435	85.141
Catalunya|006	19	83.227	81.634	85.178
Catalunya|007	19	83.219	81.717	85.107
Catalunya|008	19	83.318	81.874	85.012
Catalunya|009	19	83.244	81.810	85.030
Catalunya|010	19	82.905	80.601	84.993
Catalunya|011	19	82.960	80.922	85.042
Catalunya|012	19	82.882	80.964	84.826
Catalunya|013	19	82.922	81.014	84.747
Catalunya|014	19	84.552	81.410	88.159
Catalunya|015	19	93.737	84.745	102.335
Catalunya|016	19	91.328	81.399	102.287
Catalunya|017	19	82.707	81.365	84.808
Catalunya|018	19	82.552	80.707	84.907
Catalunya|019	19	82.432	80.751	84.785
Catalunya|020	19	82.351	80.620	84.751
Catalunya|021	19	82.338	80.645	84.648
Catalunya|022	19	82.339	80.460	84.567
Catalunya|023	19	82.455	80.527	85.522
Catalunya|024	19	82.457	80.528	84.316
Catalunya|025	19	82.650	80.936	87.256
Catalunya|026	19	82.397	79.829	85.937
Catalunya|027	19	82.524	80.494	85.944
Catalunya|028	19	82.154	80.771	84.321
Catalunya|029	19	82.049	80.333	85.376
Catalunya|030	19	82.106	80.535	86.268
Catalunya|031	19	82.027	80.634	83.869
Catalunya|032	18	80.483	60.873	82.777
Catalunya|033	8	73.238	54.952	81.238
Hanoi|001	20	111.506	103.924	117.144
Hanoi|002	20	103.890	100.784	106.449
Hanoi|003	20	103.498	101.266	106.738
Hanoi|004	20	103.688	101.599	107.123
Hanoi|005	20	103.728	101.652	107.213
Hanoi|006	20	103.881	101.907	107.412
Hanoi|007	19	104.052	102.142	107.422
Hanoi|008	19	105.369	101.829	112.700
Hanoi|009	19	108.701	101.532	120.230
Hanoi|010	19	108.583	100.761	120.783
Hanoi|011	19	105.904	99.852	117.251
Hanoi|012	19	103.974	100.824	115.401
Hanoi|013	19	103.105	99.767	114.547
Hanoi|014	19	102.218	99.165	104.979
Hanoi|015	19	102.503	99.883	105.059
Hanoi|016	19	102.823	100.651	105.327
Hanoi|017	19	104.322	100.336	112.611
Hanoi|018	19	107.675	100.747	115.478
Hanoi|019	19	108.723	101.002	115.015
Hanoi|020	19	106.472	101.058	114.708
Hanoi|021	19	103.338	99.191	113.853
Hanoi|022	19	102.661	99.139	106.119
Hanoi|023	19	102.419	98.792	104.395
Hanoi|024	19	102.475	99.130	104.285
Hanoi|025	19	102.461	99.439	105.565
Hanoi|026	19	102.457	99.978	105.072
Hanoi|027	19	100.917	79.916	103.459
Hanoi|028	5	92.559	79.852	100.932
Hungaroring|001	20	90.585	85.127	95.156
Hungaroring|002	20	82.857	80.369	84.446
Hungaroring|003	20	82.896	81.333	84.358
Hungaroring|004	19	82.957	80.787	84.344
Hungaroring|005	19	82.975	81.167	84.430
Hungaroring|006	19	83.155	81.362	84.432
Hungaroring|007	18	83.466	81.498	86.961
Hungaroring|008	18	84.862	81.505	99.528
Hungaroring|009	18	83.013	80.881	84.446
Hungaroring|010	18	83.087	81.192	84.311
Hungaroring|011	18	83.145	81.402	84.294
Hungaroring|012	18	83.165	81.251	84.305
Hungaroring|013	18	83.162	81.199	84.248
Hungaroring|014	18	83.215	81.751	84.312
Hungaroring|015	18	83.494	81.858	85.540
Hungaroring|016	18	85.184	81.840	96.212
Hungaroring|017	18	90.454	80.228	100.208
Hungaroring|018	18	89.989	79.692	101.462
Hungaroring|019	18	82.467	80.381	83.647
Hungaroring|020	18	82.503	80.072	83.588
Hungaroring|021	18	82.871	80.255	86.300
Hungaroring|022	18	84.363	80.530	98.567
Hungaroring|023	18	82.545	80.256	83.752
Hungaroring|024	18	82.687	80.707	83.947
Hungaroring|025	18	82.917	80.928	85.141
Hungaroring|026	18	82.851	80.879	84.107
Hungaroring|027	18	83.026	81.435	84.343
Hungaroring|028	18	83.538	81.480	94.302
Hungaroring|029	18	83.058	79.964	86.962
Hungaroring|030	18	82.516	78.674	84.311
Hungaroring|031	18	82.391	79.299	83.828
Hungaroring|032	18	82.339	79.583	83.653
Hungaroring|033	18	82.506	78.858	84.965
Hungaroring|034	16	78.293	60.499	82.431
Hungaroring|035	2	72.854	67.501	78.206
Marina Bay|001	20	111.908	104.339	117.354
Marina Bay|002	20	105.752	103.323	106.973
Marina Bay|003	20	105.802	103.556	107.301
Marina Bay|004	20	106.074	103.762	107.868
Marina Bay|005	20	106.419	104.072	107.881
Marina Bay|006	20	107.042	104.469	113.228
Marina Bay|007	20	108.762	104.924	126.115
Marina Bay|008	20	110.377	105.062	127.201
Marina Bay|009	20	107.970	104.567	125.640
Marina Bay|010	20	107.625	105.040	112.821
Marina Bay|011	20	108.441	104.817	126.526
Marina Bay|012	20	109.611	105.050	114.313
Marina Bay|013	19	117.475	105.450	130.997
Marina Bay|014	19	112.352	103.875	128.261
Marina Bay|015	19	105.642	101.222	108.137
Marina Bay|016	19	105.795	102.400	108.246
Marina Bay|017	19	106.102	102.614	108.293
Marina Bay|018	19	106.497	103.418	112.554
Marina Bay|019	19	107.660	104.194	126.608
Marina Bay|020	19	108.602	104.315	126.571
Marina Bay|021	19	108.120	102.328	128.366
Marina Bay|022	19	106.251	102.282	109.267
Marina Bay|023	19	106.850	102.347	122.491
Marina Bay|024	19	105.764	99.828	108.557
Marina Bay|025	19	106.073	102.705	108.511
Marina Bay|026	19	106.123	102.139	108.984
Marina Bay|027	19	107.818	101.307	134.008
Marina Bay|028	18	106.254	102.295	109.714
Marina Bay|029	18	106.201	102.756	110.055
Marina Bay|030	18	104.639	83.783	107.605
Marina Bay|031	4	92.163	86.048	103.933
Melbourne|001	20	97.248	91.065	102.082
Melbourne|002	20	88.757	86.559	89.975
Melbourne|003	20	89.462	86.909	92.287
Melbourne|004	20	89.653	86.790	93.805
Melbourne|005	20	88.754	87.045	90.536
Melbourne|006	20	89.280	87.290	90.895
Melbourne|007	20	89.305	87.831	92.199
Melbourne|008	20	90.079	87.797	104.624
Melbourne|009	20	91.501	88.259	108.168
Melbourne|010	20	96.947	87.198	109.661
Melbourne|011	20	97.364	87.786	108.829
Melbourne|012	20	93.888	86.890	108.483
Melbourne|013	20	89.382	86.939	93.256
Melbourne|014	20	88.807	86.964	91.603
Melbourne|015	20	88.901	87.059	91.535
Melbourne|016	20	89.084	87.060	91.343
Melbourne|017	19	88.934	87.182	91.212
Melbourne|018	19	89.783	87.124	106.367
Melbourne|019	19	90.033	87.142	106.369
Melbourne|020	18	90.195	87.240	104.807
Melbourne|021	18	89.193	87.204	92.635
Melbourne|022	18	88.962	85.058	91.431
Melbourne|023	18	88.899	85.532	91.354
Melbourne|024	18	88.946	85.526	91.118
Melbourne|025	18	88.886	85.306	92.838
Melbourne|026	18	88.918	85.663	91.058
Melbourne|027	18	88.780	86.333	90.751
Melbourne|028	18	87.495	75.298	89.994
Melbourne|029	6	78.158	58.140	86.642
Mexico|001	20	88.395	82.472	93.815
Mexico|002	20	82.315	79.904	84.270
Mexico|003	20	82.378	80.345	84.593
Mexico|004	19	82.206	79.717	84.645
Mexico|005	19	82.767	80.437	85.407
Mexico|006	19	82.811	81.180	84.988
Mexico|007	19	82.646	81.321	84.240
Mexico|008	19	82.884	81.052	86.462
Mexico|009	19	82.913	81.337	84.903
Mexico|010	19	83.481	81.212	86.705
Mexico|011	18	87.501	81.910	100.403
Mexico|012	18	89.640	80.141	100.427
Mexico|013	18	86.034	80.411	102.732
Mexico|014	18	81.972	79.857	85.507
Mexico|015	18	82.977	79.977	99.663
Mexico|016	18	82.970	80.143	99.982
Mexico|017	18	82.813	80.351	100.498
Mexico|018	18	82.039	79.747	83.572
Mexico|019	18	81.975	80.458	83.693
Mexico|020	18	82.594	80.670	86.309
Mexico|021	18	85.543	80.324	101.829
Mexico|022	18	85.056	80.748	100.586
Mexico|023	18	88.501	81.205	101.498
Mexico|024	18	85.144	80.476	101.090
Mexico|025	18	82.372	80.925	84.714
Mexico|026	18	84.233	80.620	98.758
Mexico|027	18	82.974	79.954	99.850
Mexico|028	18	82.970	79.351	99.474
Mexico|029	18	81.888	79.358	84.035
Mexico|030	18	82.146	79.729	85.492
Mexico|031	18	81.828	78.399	85.110
Mexico|032	18	82.250	79.738	85.926
Mexico|033	18	81.980	79.774	84.198
Mexico|034	18	82.026	80.481	84.537
Mexico|035	16	79.456	61.859	83.743
Mexico|036	2	75.741	71.558	79.923
Monaco|001	20	87.750	81.112	94.432
Monaco|002	20	77.468	76.572	78.812
Monaco|003	20	77.225	76.663	77.958
Monaco|004	20	77.217	76.218	78.045
Monaco|005	20	77.746	75.634	79.170
Monaco|006	20	77.517	75.471	78.249
Monaco|007	20	77.475	75.829	78.190
Monaco|008	20	77.501	76.104	78.288
Monaco|009	20	77.582	76.543	78.879
Monaco|010	20	77.445	76.305	78.340
Monaco|011	20	77.516	76.443	78.406
Monaco|012	20	77.601	76.593	78.475
Monaco|013	20	77.574	76.657	78.799
Monaco|014	20	77.931	76.719	79.654
Monaco|015	20	78.468	75.685	93.266
Monaco|016	19	77.748	75.833	78.960
Monaco|017	19	77.534	75.603	78.731
Monaco|018	19	77.585	76.029	78.493
Monaco|019	19	84.548	76.056	94.795
Monaco|020	19	86.399	76.320	100.842
Monaco|021	19	78.851	74.941	94.214
Monaco|022	19	76.886	75.227	78.964
Monaco|023	19	76.713	74.650	78.171
Monaco|024	19	76.826	74.906	78.267
Monaco|025	19	76.929	75.335	78.615
Monaco|026	19	77.045	75.273	78.620
Monaco|027	19	77.143	75.305	78.566
Monaco|028	19	77.107	75.263	78.302
Monaco|029	19	78.200	75.982	93.316
Monaco|030	19	77.309	75.728	78.770
Monaco|031	19	77.165	74.875	78.610
Monaco|032	19	77.157	74.252	78.622
Monaco|033	19	77.420	75.801	78.949
Monaco|034	19	77.486	75.490	78.736
Monaco|035	19	77.476	75.314	78.700
Monaco|036	19	77.558	75.700	79.929
Monaco|037	19	77.696	75.971	81.272
Monaco|038	19	77.978	76.400	82.422
Monaco|039	7	74.832	62.634	77.922
Montreal|001	20	84.402	78.290	88.716
Montreal|002	20	75.932	74.071	77.458
Montreal|003	20	75.522	74.263	76.771
Montreal|004	20	75.911	74.561	77.613
Montreal|005	20	76.028	74.523	76.973
Montreal|006	20	76.274	74.630	77.221
Montreal|007	20	77.167	74.945	91.337
Montreal|008	20	76.554	75.212	77.173
Montreal|009	20	82.701	74.662	93.180
Montreal|010	20	82.537	74.395	94.881
Montreal|011	20	77.239	74.244	92.353
Montreal|012	20	75.520	73.822	77.240
Montreal|013	20	75.318	74.069	76.684
Montreal|014	20	75.388	74.157	76.452
Montreal|015	20	77.069	74.309	90.694
Montreal|016	20	75.846	74.238	77.933
Montreal|017	20	75.616	73.528	77.694
Montreal|018	20	75.874	74.133	78.089
Montreal|019	20	75.758	73.874	76.939
Montreal|020	20	79.736	74.564	92.689
Montreal|021	20	77.370	73.937	91.294
Montreal|022	20	81.459	73.958	92.030
Montreal|023	20	78.244	73.779	91.928
Montreal|024	20	74.808	73.238	75.983
Montreal|025	20	75.474	72.912	90.656
Montreal|026	20	74.721	73.278	75.893
Montreal|027	20	74.814	73.223	76.032
Montreal|028	19	74.898	72.450	77.392
Montreal|029	19	74.887	72.863	76.655
Montreal|030	19	75.082	72.836	76.560
Montreal|031	19	75.483	72.745	78.092
Montreal|032	19	75.924	73.705	79.933
Montreal|033	19	75.475	73.272	77.314
Montreal|034	19	73.382	66.535	76.155
Montreal|035	4	65.706	57.300	73.761
Monza|001	20	91.369	85.625	96.186
Monza|002	20	86.154	84.265	88.229
Monza|003	20	86.147	84.815	87.797
Monza|004	19	87.408	85.343	90.341
Monza|005	19	86.595	85.184	89.060
Monza|006	19	86.823	85.319	89.640
Monza|007	19	86.514	85.610	88.000
Monza|008	18	100.630	85.768	120.904
Monza|009	18	98.586	85.428	127.427
Monza|010	18	87.213	85.779	88.692
Monza|011	18	88.706	85.205	91.967
Monza|012	18	94.852	85.173	105.895
Monza|013	18	90.231	85.343	112.106
Monza|014	18	86.668	85.173	89.777
Monza|015	18	86.761	85.337	88.522
Monza|016	18	87.470	84.943	102.297
Monza|017	18	86.343	82.519	88.471
Monza|018	18	86.520	82.637	89.470
Monza|019	18	86.858	84.830	91.135
Monza|020	18	86.693	85.167	88.345
Monza|021	18	86.568	84.266	89.604
Monza|022	18	86.502	83.872	88.625
Monza|023	18	86.474	84.599	89.357
Monza|024	17	86.279	84.226	87.873
Monza|025	17	86.338	84.744	87.972
Monza|026	15	83.471	63.096	86.837
Monza|027	4	75.991	66.523	83.470
Paul Ricard|001	20	107.162	101.787	111.783
Paul Ricard|002	20	97.750	95.595	99.899
Paul Ricard|003	20	97.894	96.076	100.299
Paul Ricard|004	20	97.667	94.639	100.555
Paul Ricard|005	20	97.900	96.017	100.449
Paul Ricard|006	20	97.953	96.323	101.131
Paul Ricard|007	20	97.904	96.246	100.817
Paul Ricard|008	20	97.994	96.669	101.113
Paul Ricard|009	20	97.961	95.515	100.901
Paul Ricard|010	20	98.075	96.471	100.970
Paul Ricard|011	20	98.037	96.078	101.181
Paul Ricard|012	20	107.574	96.698	118.412
Paul Ricard|013	19	108.139	99.034	117.949
Paul Ricard|014	19	98.585	94.058	101.686
Paul Ricard|015	19	97.341	95.934	100.281
Paul Ricard|016	19	97.318	95.895	100.238
Paul Ricard|017	19	97.473	95.853	100.504
Paul Ricard|018	19	97.363	95.795	100.369
Paul Ricard|019	19	97.339	95.179	100.242
Paul Ricard|020	19	97.452	95.415	100.534
Paul Ricard|021	19	97.534	95.456	100.966
Paul Ricard|022	19	97.418	95.625	100.323
Paul Ricard|023	19	97.344	94.586	102.216
Paul Ricard|024	19	97.291	94.093	99.903
Paul Ricard|025	19	97.058	93.521	99.776
Paul Ricard|026	19	95.211	67.539	100.403
Paul Ricard|027	7	74.305	54.328	93.784
RedBull Ring|001	20	76.352	70.676	80.946
RedBull Ring|002	20	70.559	68.186	73.924
RedBull Ring|003	20	70.191	68.441	73.330
RedBull Ring|004	20	70.250	68.691	72.466
RedBull Ring|005	20	70.418	68.981	72.471
RedBull Ring|006	20	70.156	69.147	73.263
RedBull Ring|007	20	70.297	69.031	73.031
RedBull Ring|008	20	70.473	68.885	72.858
RedBull Ring|009	19	70.525	69.455	72.891
RedBull Ring|010	19	70.477	69.246	73.289
RedBull Ring|011	19	70.599	69.415	73.262
RedBull Ring|012	19	70.746	69.524	73.706
RedBull Ring|013	19	71.072	69.597	74.189
RedBull Ring|014	19	72.085	69.775	86.845
RedBull Ring|015	19	73.933	69.866	92.561
RedBull Ring|016	19	78.029	69.464	86.420
RedBull Ring|017	19	75.927	69.117	87.986
RedBull Ring|018	19	70.219	68.791	73.020
RedBull Ring|019	19	70.367	68.906	72.566
RedBull Ring|020	19	70.335	68.969	73.084
RedBull Ring|021	19	70.427	69.057	72.751
RedBull Ring|022	19	70.919	68.939	83.298
RedBull Ring|023	19	70.074	67.327	72.087
RedBull Ring|024	19	70.076	67.847	71.858
RedBull Ring|025	19	70.170	67.810	73.440
RedBull Ring|026	19	70.073	67.955	71.942
RedBull Ring|027	19	70.184	67.930	73.200
RedBull Ring|028	19	70.195	68.275	71.695
RedBull Ring|029	19	70.265	68.189	72.804
RedBull Ring|030	19	70.225	68.185	72.674
RedBull Ring|031	19	70.235	67.758	72.243
RedBull Ring|032	19	70.196	68.688	71.312
RedBull Ring|033	19	70.216	68.723	72.940
RedBull Ring|034	19	70.272	68.225	71.626
RedBull Ring|035	18	67.303	51.284	70.783
RedBull Ring|036	3	64.965	63.296	67.896
Sakhir|001	20	100.837	94.614	105.098
Sakhir|002	20	95.067	92.801	96.312
Sakhir|003	20	94.945	93.016	96.263
Sakhir|004	20	94.862	92.654	96.923
Sakhir|005	20	94.993	92.953	96.442
Sakhir|006	20	94.968	93.102	96.307
Sakhir|007	20	94.860	92.983	96.637
Sakhir|008	20	95.909	92.799	115.021
Sakhir|009	20	94.846	93.035	96.971
Sakhir|010	20	94.963	93.185	97.590
Sakhir|011	20	94.713	92.031	96.240
Sakhir|012	20	94.825	92.838	96.611
Sakhir|013	20	95.792	92.959	98.510
Sakhir|014	20	105.575	94.864	115.722
Sakhir|015	20	103.520	92.748	115.923
Sakhir|016	20	93.954	91.850	95.610
Sakhir|017	20	94.030	92.608	95.451
Sakhir|018	20	94.148	92.356	96.494
Sakhir|019	20	95.045	92.372	114.216
Sakhir|020	20	94.031	92.530	95.407
Sakhir|021	20	93.975	92.560	95.521
Sakhir|022	20	94.101	92.252	95.817
Sakhir|023	20	94.220	92.618	97.120
Sakhir|024	20	94.016	92.426	96.044
Sakhir|025	20	93.937	91.860	96.305
Sakhir|026	20	94.051	92.042	96.321
Sakhir|027	20	93.958	91.923	95.894
Sakhir|028	19	93.788	91.685	95.432
Sakhir|029	4	84.661	71.909	92.233
Shanghai|001	20	106.279	99.430	111.583
Shanghai|002	20	99.457	97.889	101.737
Shanghai|003	19	99.670	98.471	101.705
Shanghai|004	19	99.821	98.672	101.835
Shanghai|005	19	99.841	98.646	101.926
Shanghai|006	19	99.801	98.174	102.134
Shanghai|007	19	99.983	98.609	102.035
Shanghai|008	19	100.161	99.170	102.109
Shanghai|009	19	100.259	98.894	102.188
Shanghai|010	19	100.189	98.456	102.229
Shanghai|011	19	99.995	98.491	102.128
Shanghai|012	19	100.451	98.068	106.849
Shanghai|013	19	104.330	98.286	120.023
Shanghai|014	19	110.397	97.918	121.418
Shanghai|015	19	106.021	98.169	118.007
Shanghai|016	19	99.237	97.802	101.799
Shanghai|017	19	99.294	97.859	101.717
Shanghai|018	19	99.293	97.835	101.707
Shanghai|019	19	99.538	97.812	102.737
Shanghai|020	19	100.175	97.910	114.037
Shanghai|021	19	99.106	94.469	101.884
Shanghai|022	19	99.334	96.657	101.741
Shanghai|023	19	99.300	96.837	101.850
Shanghai|024	19	99.371	96.130	102.779
Shanghai|025	18	99.602	96.918	102.489
Shanghai|026	18	98.908	96.860	101.433
Shanghai|027	18	97.907	84.898	100.747
Shanghai|028	8	74.045	55.633	97.133
Silverstone|001	20	98.849	94.135	103.201
Silverstone|002	20	92.499	91.315	94.569
Silverstone|003	20	92.771	91.667	96.147
Silverstone|004	20	92.903	91.368	96.663
Silverstone|005	20	92.753	90.235	96.668
Silverstone|006	20	93.431	90.780	96.737
Silverstone|007	20	93.036	90.982	96.695
Silverstone|008	20	92.827	90.598	96.697
Silverstone|009	20	92.847	91.053	95.423
Silverstone|010	20	93.113	91.064	97.333
Silverstone|011	20	96.971	91.118	117.793
Silverstone|012	20	104.942	91.541	118.234
Silverstone|013	20	102.210	91.353	118.433
Silverstone|014	20	93.606	90.974	115.127
Silverstone|015	20	92.231	90.914	94.455
Silverstone|016	19	92.149	90.902	94.856
Silverstone|017	19	92.102	90.828	94.437
Silverstone|018	19	92.032	90.244	94.363
Silverstone|019	19	92.017	89.927	94.311
Silverstone|020	19	91.935	90.033	94.353
Silverstone|021	19	91.965	90.243	94.557
Silverstone|022	19	91.828	90.093	93.816
Silverstone|023	19	91.839	90.137	94.467
Silverstone|024	19	91.650	89.811	93.422
Silverstone|025	19	90.759	83.987	92.492
Silverstone|026	6	82.563	67.229	89.021
Sochi|001	20	104.634	100.337	108.651
Sochi|002	20	99.901	97.900	101.393
Sochi|003	20	100.156	97.757	102.041
Sochi|004	20	100.431	97.955	102.709
Sochi|005	20	100.516	98.106	102.475
Sochi|006	20	100.731	98.670	103.190
Sochi|007	20	100.482	98.807	102.145
Sochi|008	20	100.727	98.960	102.799
Sochi|009	20	100.600	98.538	102.379
Sochi|010	20	100.625	98.541	102.380
Sochi|011	20	102.129	98.922	105.642
Sochi|012	20	111.528	97.365	126.623
Sochi|013	20	108.645	98.484	127.093
Sochi|014	20	100.040	97.958	102.024
Sochi|015	20	100.188	98.206	103.763
Sochi|016	20	102.076	98.505	118.279
Sochi|017	20	100.541	95.230	118.617
Sochi|018	20	99.604	96.929	101.893
Sochi|019	20	99.522	95.826	101.881
Sochi|020	20	99.611	97.312	101.770
Sochi|021	20	99.562	96.590	101.791
Sochi|022	20	99.673	96.041	102.212
Sochi|023	20	99.696	95.670	102.170
Sochi|024	20	99.746	97.010	101.739
Sochi|025	20	99.581	95.062	101.559
Sochi|026	20	97.006	78.756	100.566
Sochi|027	1	95.034	95.034	95.034
Spa|001	20	119.254	110.998	148.145
Spa|002	20	112.515	108.514	130.127
Spa|003	20	111.125	108.794	113.539
Spa|004	19	111.028	108.478	113.207
Spa|005	19	111.803	109.642	113.865
Spa|006	19	111.803	110.277	113.443
Spa|007	19	111.673	109.931	117.484
Spa|008	19	113.803	109.846	125.570
Spa|009	19	117.336	109.213	130.262
Spa|010	19	116.865	108.779	124.343
Spa|011	19	113.507	109.363	126.124
Spa|012	19	110.622	108.810	113.602
Spa|013	19	110.922	108.706	114.073
Spa|014	19	111.224	108.585	120.619
Spa|015	19	110.102	106.071	113.170
Spa|016	19	110.367	108.306	113.171
Spa|017	19	110.554	108.216	112.755
Spa|018	19	110.150	108.598	112.934
Spa|019	19	110.002	107.955	112.838
Spa|020	19	110.145	105.848	118.834
Spa|021	18	110.720	108.045	130.450
Spa|022	6	95.546	83.411	107.147
Suzuka|001	20	99.586	95.380	103.771
Suzuka|002	20	95.085	92.419	97.305
Suzuka|003	20	95.413	93.137	96.657
Suzuka|004	20	95.145	93.219	96.671
Suzuka|005	20	94.919	93.296	96.823
Suzuka|006	20	95.028	93.324	97.743
Suzuka|007	20	94.890	93.347	96.732
Suzuka|008	20	95.109	93.430	97.530
Suzuka|009	20	95.537	93.480	99.276
Suzuka|010	20	101.602	93.634	116.843
Suzuka|011	19	102.739	94.021	115.984
Suzuka|012	19	98.494	93.131	115.940
Suzuka|013	19	95.887	92.154	113.127
Suzuka|014	19	95.756	92.764	114.115
Suzuka|015	19	94.691	92.769	96.893
Suzuka|016	19	94.664	92.897	96.822
Suzuka|017	19	94.742	93.155	96.589
Suzuka|018	19	94.652	92.811	96.550
Suzuka|019	19	95.451	92.755	111.730
Suzuka|020	19	94.373	92.121	96.965
Suzuka|021	19	94.204	90.612	96.316
Suzuka|022	19	94.058	91.180	96.146
Suzuka|023	19	94.039	91.097	96.090
Suzuka|024	19	94.048	91.546	96.362
Suzuka|025	19	93.851	91.998	96.050
Suzuka|026	19	93.377	90.753	94.954
Suzuka|027	6	84.219	75.973	92.138
Yas Marina|001	20	110.591	105.241	115.834
Yas Marina|002	20	103.260	102.180	104.587
Yas Marina|003	20	103.260	101.518	105.728
Yas Marina|004	20	103.650	102.343	105.604
Yas Marina|005	20	103.676	102.120	105.588
Yas Marina|006	20	103.998	102.138	106.126
Yas Marina|007	20	105.616	103.033	120.953
Yas Marina|008	20	104.516	102.370	107.456
Yas Marina|009	20	109.138	102.502	121.848
Yas Marina|010	20	106.589	101.173	121.563
Yas Marina|011	20	109.174	100.037	121.423
Yas Marina|012	20	104.555	99.956	121.681
Yas Marina|013	20	102.657	101.134	105.625
Yas Marina|014	20	104.094	100.629	119.963
Yas Marina|015	20	102.711	100.647	105.033
Yas Marina|016	20	102.853	100.648	106.800
Yas Marina|017	20	104.121	100.901	121.780
Yas Marina|018	20	106.685	101.751	121.245
Yas Marina|019	20	104.772	101.109	121.479
Yas Marina|020	20	104.966	100.998	121.046
Yas Marina|021	20	108.798	101.120	120.234
Yas Marina|022	20	104.817	98.311	120.251
Yas Marina|023	20	101.384	99.826	104.265
Yas Marina|024	20	101.580	98.286	104.347
Yas Marina|025	20	101.968	99.696	104.800
Yas Marina|026	20	102.150	100.254	104.801
Yas Marina|027	20	102.156	100.761	104.218
Yas Marina|028	8	80.357	69.010	100.031
Zandvoort|001	20	83.482	78.214	87.328
Zandvoort|002	20	76.766	74.560	78.590
Zandvoort|003	20	76.809	75.221	78.452
Zandvoort|004	20	76.826	74.976	78.315
Zandvoort|005	20	77.267	75.282	79.120
Zandvoort|006	20	76.975	74.814	78.419
Zandvoort|007	20	76.864	74.943	78.296
Zandvoort|008	20	76.956	74.709	78.788
Zandvoort|009	20	77.132	75.061	78.900
Zandvoort|010	20	77.183	74.915	78.331
Zandvoort|011	20	77.002	75.281	78.754
Zandvoort|012	20	77.608	75.779	79.736
Zandvoort|013	20	82.913	76.224	93.766
Zandvoort|014	20	80.395	75.090	92.312
Zandvoort|015	20	76.872	75.261	78.922
Zandvoort|016	20	77.142	75.372	80.152
Zandvoort|017	20	79.530	75.699	91.698
Zandvoort|018	20	77.362	75.550	90.402
Zandvoort|019	20	76.615	74.818	78.005
Zandvoort|020	20	76.643	75.054	78.240
Zandvoort|021	19	77.131	75.152	88.776
Zandvoort|022	19	76.343	74.784	78.439
Zandvoort|023	19	76.349	75.179	78.068
Zandvoort|024	19	76.364	74.242	79.115
Zandvoort|025	19	76.886	74.077	88.541
Zandvoort|026	19	76.291	74.747	77.905
Zandvoort|027	19	76.550	74.834	81.229
Zandvoort|028	19	76.445	75.120	78.752
Zandvoort|029	19	76.493	74.859	78.799
Zandvoort|030	19	76.460	74.471	79.696
Zandvoort|031	19	76.463	74.578	78.719
Zandvoort|032	19	76.262	74.582	78.349
Zandvoort|033	19	76.142	74.759	78.190
Zandvoort|034	19	76.205	74.774	78.624
Zandvoort|035	16	75.272	73.272	76.775
Zandvoort|036	6	61.684	52.906	73.929
