Austin|Alexander Albon	27	99.772	98.206	116.807
Austin|Antonio Giovinazzi	27	101.890	98.767	118.620
Austin|Carlos Sainz	27	100.285	97.634	117.501
Austin|Charles Leclerc	27	99.499	97.210	116.180
Austin|Daniel Ricciardo	15	101.665	98.117	116.519
Austin|Daniil Kvyat	27	101.669	98.076	117.435
Austin|Esteban Ocon	27	101.112	97.737	117.034
Austin|George Russell	27	101.890	76.751	118.163
Austin|Kevin Magnussen	27	101.740	98.943	118.729
Austin|Kimi Räikkönen	27	101.877	98.346	117.631
Austin|Lance Stroll	27	101.080	98.802	117.481
Austin|Lando Norris	27	101.092	97.822	116.857
Austin|Lewis Hamilton	28	98.251	91.554	115.846
Austin|Max Verstappen	28	98.251	71.927	116.326
Austin|Nicholas Latifi	26	104.256	101.020	124.102
Austin|Pierre Gasly	27	101.282	97.952	117.138
Austin|Romain Grosjean	27	101.890	92.262	119.323
Austin|Sebastian Vettel	28	98.251	70.237	115.437
Austin|Sergio Perez	27	99.996	98.356	117.761
Austin|Valtteri Bottas	28	98.251	95.963	115.120
Baku|Alexander Albon	25	108.798	106.701	122.668
Baku|Antonio Giovinazzi	25	109.601	107.250	125.407
Baku|Carlos Sainz	25	109.414	105.351	119.933
Baku|Charles Leclerc	25	108.988	104.607	121.638
Baku|Daniel Ricciardo	25	108.611	106.460	121.542
Baku|Daniil Kvyat	25	111.342	105.578	127.537
Baku|Esteban Ocon	25	109.036	104.846	120.394
Baku|George Russell	25	110.425	108.511	123.168
Baku|Kevin Magnussen	25	110.198	108.274	124.067
Baku|Kimi Räikkönen	25	109.728	107.790	123.370
Baku|Lance Stroll	25	108.678	105.009	120.185
Baku|Lando Norris	25	109.107	105.831	120.401
Baku|Lewis Hamilton	26	107.261	90.987	119.567
Baku|Max Verstappen	25	108.934	106.791	122.330
Baku|Nicholas Latifi	25	110.729	108.370	123.693
Baku|Pierre Gasly	25	109.290	107.171	121.856
Baku|Romain Grosjean	25	110.237	108.547	124.698
Baku|Sebastian Vettel	25	108.453	105.173	121.233
Baku|Sergio Perez	25	109.228	106.829	129.214
Baku|Valtteri Bottas	26	107.261	102.645	121.959
Brazil|Alexander Albon	35	73.858	71.843	88.270
Brazil|Antonio Giovinazzi	35	75.105	68.308	88.756
Brazil|Carlos Sainz	35	74.563	72.874	89.717
Brazil|Charles Leclerc	35	73.549	72.173	89.159
Brazil|Daniel Ricciardo	35	74.012	72.577	88.500
Brazil|Daniil Kvyat	35	74.897	72.583	88.920
Brazil|Esteban Ocon	35	74.121	72.567	88.948
Brazil|George Russell	34	75.766	74.358	90.191
Brazil|Kevin Magnussen	35	75.105	66.154	89.012
Brazil|Kimi Räikkönen	35	75.064	72.953	88.464
Brazil|Lance Stroll	35	74.735	73.156	88.918
Brazil|Lando Norris	35	74.973	73.175	89.812
Brazil|Lewis Hamilton	36	73.019	62.442	88.865
Brazil|Max Verstappen	36	73.019	58.041	87.912
Brazil|Nicholas Latifi	34	77.067	75.295	91.271
Brazil|Pierre Gasly	35	74.899	72.308	87.699
Brazil|Romain Grosjean	35	75.105	62.561	89.417
Brazil|Sebastian Vettel	35	73.555	72.182	88.691
Brazil|Sergio Perez	35	74.630	72.942	88.874
Brazil|Valtteri Bottas	36	73.019	69.565	87.482
Catalunya|Alexander Albon	33	82.286	74.830	98.779
Catalunya|Antonio Giovinazzi	32	84.435	82.343	100.822
Catalunya|Carlos Sainz	33	82.286	59.503	99.409
Catalunya|Charles Leclerc	33	82.286	74.283	101.323
Catalunya|Daniel Ricciardo	32	83.217	81.589	100.160
Catalunya|Daniil Kvyat	32	84.512	82.584	101.180
Catalunya|Esteban Ocon	32	84.190	82.179	100.865
Catalunya|George Russell	32	84.857	60.873	101.547
Catalunya|Kevin Magnussen	32	84.589	82.616	101.762
Catalunya|Kimi Räikkönen	32	84.502	82.634	101.817
Catalunya|Lance Stroll	33	82.286	54.952	101.071
Catalunya|Lando Norris	4	84.367	82.574	88.402
Catalunya|Lewis Hamilton	33	82.286	80.314	102.287
Catalunya|Max Verstappen	33	82.286	80.482	98.368
Catalunya|Nicholas Latifi	31	85.980	83.869	102.335
Catalunya|Pierre Gasly	32	84.205	82.217	101.412
Catalunya|Romain Grosjean	32	84.128	82.192	100.582
Catalunya|Sebastian Vettel	33	82.091	79.936	98.766
Catalunya|Sergio Perez	32	83.351	81.121	99.909
Catalunya|Valtteri Bottas	33	82.286	79.829	98.812
Hanoi|Alexander Albon	28	102.601	79.852	112.370
Hanoi|Antonio Giovinazzi	27	105.264	102.590	116.046
Hanoi|Carlos Sainz	27	104.566	101.796	114.256
Hanoi|Charles Leclerc	28	102.602	85.353	112.700
Hanoi|Daniel Ricciardo	27	104.172	101.459	114.163
Hanoi|Daniil Kvyat	27	104.904	101.395	116.060
Hanoi|Esteban Ocon	27	104.141	101.403	113.868
Hanoi|George Russell	27	106.194	102.636	115.803
Hanoi|Kevin Magnussen	27	105.950	103.459	115.478
Hanoi|Kimi Räikkönen	27	105.176	102.215	117.251
Hanoi|Lance Stroll	27	105.085	102.232	120.783
Hanoi|Lando Norris	27	104.402	101.521	113.532
Hanoi|Lewis Hamilton	28	102.468	98.792	112.499
Hanoi|Max Verstappen	28	102.602	97.214	111.891
Hanoi|Nicholas Latifi	27	106.402	79.916	117.144
Hanoi|Pierre Gasly	27	105.378	102.812	115.429
Hanoi|Romain Grosjean	6	106.041	104.354	111.442
Hanoi|Sebastian Vettel	27	103.973	99.852	120.230
Hanoi|Sergio Perez	27	104.831	102.119	114.708
Hanoi|Valtteri Bottas	28	102.602	99.191	112.283
Hungaroring|Alexander Albon	34	82.786	80.930	97.266
Hungaroring|Antonio Giovinazzi	34	84.198	60.499	101.462
Hungaroring|Carlos Sainz	3	84.754	82.737	88.787
Hungaroring|Charles Leclerc	34	82.927	80.256	97.371
Hungaroring|Daniel Ricciardo	34	83.593	82.157	99.308
Hungaroring|Daniil Kvyat	34	84.023	82.053	99.387
Hungaroring|Esteban Ocon	34	83.076	81.618	99.415
Hungaroring|George Russell	33	85.138	82.426	99.528
Hungaroring|Kevin Magnussen	34	84.198	76.505	100.208
Hungaroring|Kimi Räikkönen	34	84.198	76.050	99.832
Hungaroring|Lance Stroll	34	83.468	81.901	98.636
Hungaroring|Lando Norris	34	84.198	81.882	99.439
Hungaroring|Lewis Hamilton	35	81.792	67.501	98.036
Hungaroring|Max Verstappen	6	82.741	81.333	87.878
Hungaroring|Nicholas Latifi	33	85.124	83.502	100.053
Hungaroring|Pierre Gasly	34	84.198	62.069	100.139
Hungaroring|Romain Grosjean	34	84.198	82.205	100.355
Hungaroring|Sebastian Vettel	34	82.583	81.137	98.270
Hungaroring|Sergio Perez	34	83.584	82.174	99.617
Hungaroring|Valtteri Bottas	35	81.792	78.206	96.212
Marina Bay|Alexander Albon	30	107.432	103.875	125.806
Marina Bay|Antonio Giovinazzi	30	108.621	104.860	126.608
Marina Bay|Carlos Sainz	30	107.727	105.793	127.349
Marina Bay|Charles Leclerc	31	105.339	90.714	125.464
Marina Bay|Daniel Ricciardo	30	107.424	104.837	127.347
Marina Bay|Daniil Kvyat	30	108.158	105.839	126.941
Marina Bay|Esteban Ocon	27	108.682	105.354	134.008
Marina Bay|George Russell	30	108.583	106.692	128.261
Marina Bay|Kevin Magnussen	30	108.079	106.251	130.997
Marina Bay|Kimi Räikkönen	30	108.126	106.028	127.806
Marina Bay|Lance Stroll	30	107.696	105.881	127.626
Marina Bay|Lando Norris	30	107.711	105.854	127.309
Marina Bay|Lewis Hamilton	30	108.129	104.117	127.201
Marina Bay|Max Verstappen	31	105.339	86.048	124.159
Marina Bay|Nicholas Latifi	30	108.850	83.783	128.989
Marina Bay|Pierre Gasly	30	108.605	106.749	128.006
Marina Bay|Romain Grosjean	30	108.594	105.388	128.366
Marina Bay|Sebastian Vettel	31	105.339	87.959	125.361
Marina Bay|Sergio Perez	12	109.073	104.963	126.514
Marina Bay|Valtteri Bottas	31	105.339	99.828	122.794
Melbourne|Alexander Albon	29	88.741	84.268	105.877
Melbourne|Antonio Giovinazzi	28	91.411	88.079	108.333
Melbourne|Carlos Sainz	28	90.063	88.277	106.640
Melbourne|Charles Leclerc	29	88.741	67.004	108.483
Melbourne|Daniel Ricciardo	28	90.485	88.105	106.826
Melbourne|Daniil Kvyat	28	90.578	88.334	107.987
Melbourne|Esteban Ocon	28	90.048	87.979	106.356
Melbourne|George Russell	28	91.910	88.009	107.149
Melbourne|Kevin Magnussen	28	91.561	89.106	108.829
Melbourne|Kimi Räikkönen	28	91.222	87.786	107.587
Melbourne|Lance Stroll	28	90.079	88.116	107.687
Melbourne|Lando Norris	29	88.741	58.140	106.132
Melbourne|Lewis Hamilton	19	89.369	86.857	105.619
Melbourne|Max Verstappen	29	88.161	86.559	104.419
Melbourne|Nicholas Latifi	28	91.910	75.298	108.168
Melbourne|Pierre Gasly	16	92.517	89.612	107.706
Melbourne|Romain Grosjean	28	91.571	89.508	109.661
Melbourne|Sebastian Vettel	29	88.741	86.607	105.562
Melbourne|Sergio Perez	28	90.091	88.192	107.476
Melbourne|Valtteri Bottas	29	88.741	85.058	104.807
Mexico|Alexander Albon	35	82.788	80.141	100.206
Mexico|Antonio Giovinazzi	35	83.677	80.837	99.663
Mexico|Carlos Sainz	35	83.707	81.003	102.732
Mexico|Charles Leclerc	35	82.577	80.727	99.435
Mexico|Daniel Ricciardo	35	83.024	80.016	99.624
Mexico|Daniil Kvyat	35	84.028	73.341	101.055
Mexico|Esteban Ocon	35	83.370	81.029	99.895
Mexico|George Russell	34	85.205	82.613	101.829
Mexico|Kevin Magnussen	35	84.028	74.908	99.982
Mexico|Kimi Räikkönen	10	84.949	82.935	93.815
Mexico|Lance Stroll	35	83.580	80.411	101.498
Mexico|Lando Norris	35	83.411	81.023	100.310
Mexico|Lewis Hamilton	36	81.694	71.558	98.585
Mexico|Max Verstappen	3	82.564	81.251	85.096
Mexico|Nicholas Latifi	34	85.495	82.765	101.151
Mexico|Pierre Gasly	35	84.028	81.178	100.586
Mexico|Romain Grosjean	35	84.028	61.859	100.498
Mexico|Sebastian Vettel	35	82.599	80.420	99.227
Mexico|Sergio Perez	35	83.315	80.890	101.090
Mexico|Valtteri Bottas	36	81.694	78.399	99.814
Monaco|Alexander Albon	39	77.228	74.650	93.317
Monaco|Antonio Giovinazzi	38	79.296	77.794	94.855
Monaco|Carlos Sainz	38	78.196	76.797	93.901
Monaco|Charles Leclerc	39	77.212	75.471	93.123
Monaco|Daniel Ricciardo	39	77.263	62.634	94.154
Monaco|Daniil Kvyat	38	79.296	77.809	94.420
Monaco|Esteban Ocon	38	78.237	76.746	100.842
Monaco|George Russell	38	79.296	77.725	94.604
Monaco|Kevin Magnussen	38	78.703	77.327	94.795
Monaco|Kimi Räikkönen	38	78.721	77.371	94.576
Monaco|Lance Stroll	38	78.044	76.572	94.214
Monaco|Lando Norris	38	78.019	76.625	93.898
Monaco|Lewis Hamilton	39	77.159	74.906	95.372
Monaco|Max Verstappen	39	77.173	75.041	93.026
Monaco|Nicholas Latifi	15	79.432	77.894	94.001
Monaco|Pierre Gasly	38	79.296	76.891	94.432
Monaco|Romain Grosjean	38	78.599	76.865	95.093
Monaco|Sebastian Vettel	39	77.263	73.925	93.303
Monaco|Sergio Perez	38	78.219	76.559	94.658
Monaco|Valtteri Bottas	39	77.263	74.252	93.316
Montreal|Alexander Albon	34	76.509	74.443	91.642
Montreal|Antonio Giovinazzi	34	77.499	70.460	92.896
Montreal|Carlos Sainz	34	76.549	74.263	92.353
Montreal|Charles Leclerc	35	75.284	58.412	91.122
Montreal|Daniel Ricciardo	34	76.415	73.880	92.577
Montreal|Daniil Kvyat	34	77.299	74.903	92.561
Montreal|Esteban Ocon	34	76.720	74.193	91.627
Montreal|George Russell	34	77.499	66.535	92.708
Montreal|Kevin Magnussen	34	77.364	75.155	92.438
Montreal|Kimi Räikkönen	34	77.424	74.816	93.180
Montreal|Lance Stroll	27	76.928	74.415	91.316
Montreal|Lando Norris	34	76.753	74.498	91.332
Montreal|Lewis Hamilton	35	75.197	73.034	90.242
Montreal|Max Verstappen	35	75.285	57.300	92.160
Montreal|Nicholas Latifi	34	77.499	66.977	92.403
Montreal|Pierre Gasly	34	77.499	67.492	92.689
Montreal|Romain Grosjean	34	77.499	75.237	94.881
Montreal|Sebastian Vettel	34	76.306	73.838	92.278
Montreal|Sergio Perez	34	76.820	74.292	91.337
Montreal|Valtteri Bottas	35	75.285	72.450	90.226
Monza|Alexander Albon	7	86.733	85.638	89.928
Monza|Antonio Giovinazzi	26	89.287	63.096	127.427
Monza|Carlos Sainz	26	87.349	85.519	104.533
Monza|Charles Leclerc	27	85.980	66.523	104.593
Monza|Daniel Ricciardo	26	89.023	85.509	117.214
Monza|Daniil Kvyat	26	88.498	85.459	105.499
Monza|Esteban Ocon	26	87.215	85.206	105.128
Monza|George Russell	23	91.728	86.934	124.815
Monza|Kevin Magnussen	25	90.561	86.996	118.370
Monza|Kimi Räikkönen	26	89.287	81.802	120.518
Monza|Lance Stroll	26	87.470	85.737	105.895
Monza|Lando Norris	26	87.511	85.287	105.261
Monza|Lewis Hamilton	27	85.980	78.977	104.176
Monza|Max Verstappen	27	85.980	74.993	104.111
Monza|Nicholas Latifi	25	90.667	86.445	117.466
Monza|Pierre Gasly	26	88.944	85.804	112.435
Monza|Romain Grosjean	26	89.287	82.029	113.931
Monza|Sebastian Vettel	3	85.801	84.888	87.472
Monza|Sergio Perez	26	87.665	85.709	105.591
Monza|Valtteri Bottas	27	85.980	82.519	102.297
Paul Ricard|Alexander Albon	27	96.786	59.844	115.470
Paul Ricard|Antonio Giovinazzi	26	99.628	97.666	117.941
Paul Ricard|Carlos Sainz	26	98.675	96.765	116.604
Paul Ricard|Charles Leclerc	27	96.786	76.850	115.529
Paul Ricard|Daniel Ricciardo	26	98.504	96.459	116.504
Paul Ricard|Daniil Kvyat	26	99.270	96.476	118.051
Paul Ricard|Esteban Ocon	27	96.786	54.328	117.017
Paul Ricard|George Russell	26	100.508	93.472	117.590
Paul Ricard|Kevin Magnussen	26	99.841	97.640	117.931
Paul Ricard|Kimi Räikkönen	26	99.421	97.213	118.362
Paul Ricard|Lance Stroll	26	98.800	96.868	116.862
Paul Ricard|Lando Norris	26	98.755	96.719	117.772
Paul Ricard|Lewis Hamilton	27	96.786	81.214	115.845
Paul Ricard|Max Verstappen	27	96.786	77.627	115.119
Paul Ricard|Nicholas Latifi	26	100.508	67.539	118.412
Paul Ricard|Pierre Gasly	26	99.466	97.090	117.729
Paul Ricard|Romain Grosjean	12	99.480	98.376	107.913
Paul Ricard|Sebastian Vettel	27	96.786	76.489	116.924
Paul Ricard|Sergio Perez	26	98.767	96.868	117.949
Paul Ricard|Valtteri Bottas	27	96.785	93.521	117.001
RedBull Ring|Alexander Albon	35	70.361	68.981	84.301
RedBull Ring|Antonio Giovinazzi	35	71.543	65.945	87.986
RedBull Ring|Carlos Sainz	35	70.857	69.395	86.420
RedBull Ring|Charles Leclerc	35	70.194	68.456	85.073
RedBull Ring|Daniel Ricciardo	35	70.353	68.968	84.799
RedBull Ring|Daniil Kvyat	35	71.478	70.110	86.288
RedBull Ring|Esteban Ocon	35	71.073	69.847	85.219
RedBull Ring|George Russell	34	73.481	71.225	92.561
RedBull Ring|Kevin Magnussen	35	71.543	53.066	86.845
RedBull Ring|Kimi Räikkönen	35	71.543	69.990	85.809
RedBull Ring|Lance Stroll	35	71.062	69.834	85.328
RedBull Ring|Lando Norris	35	71.305	69.655	84.866
RedBull Ring|Lewis Hamilton	36	69.556	63.296	84.044
RedBull Ring|Max Verstappen	36	69.556	63.703	83.598
RedBull Ring|Nicholas Latifi	8	73.377	71.336	80.838
RedBull Ring|Pierre Gasly	35	71.543	65.647	85.631
RedBull Ring|Romain Grosjean	35	71.543	51.284	86.243
RedBull Ring|Sebastian Vettel	35	70.243	68.998	83.851
RedBull Ring|Sergio Perez	35	70.840	69.597	85.161
RedBull Ring|Valtteri Bottas	36	69.556	67.327	83.298
Sakhir|Alexander Albon	28	94.881	92.733	114.269
Sakhir|Antonio Giovinazzi	28	96.461	94.439	115.430
Sakhir|Carlos Sainz	28	95.460	93.131	114.181
Sakhir|Charles Leclerc	29	93.708	71.909	114.138
Sakhir|Daniel Ricciardo	27	95.187	92.941	114.512
Sakhir|Daniil Kvyat	28	96.101	93.318	115.331
Sakhir|Esteban Ocon	28	95.257	93.440	114.616
Sakhir|George Russell	28	96.803	94.600	115.383
Sakhir|Kevin Magnussen	28	96.354	94.178	115.432
Sakhir|Kimi Räikkönen	28	96.610	93.461	115.021
Sakhir|Lance Stroll	28	95.436	93.638	114.576
Sakhir|Lando Norris	28	95.330	93.384	114.637
Sakhir|Lewis Hamilton	29	93.708	91.627	114.069
Sakhir|Max Verstappen	29	93.708	82.876	112.981
Sakhir|Nicholas Latifi	28	96.989	95.199	113.805
Sakhir|Pierre Gasly	28	96.450	94.361	115.847
Sakhir|Romain Grosjean	28	96.449	94.546	115.722
Sakhir|Sebastian Vettel	28	94.574	92.789	113.629
Sakhir|Sergio Perez	28	95.530	93.882	115.923
Sakhir|Valtteri Bottas	29	93.708	91.850	114.439
Shanghai|Alexander Albon	28	98.805	75.086	116.082
Shanghai|Antonio Giovinazzi	27	101.715	99.389	119.007
Shanghai|Carlos Sainz	27	100.446	98.439	117.346
Shanghai|Charles Leclerc	28	98.805	71.603	117.046
Shanghai|Daniel Ricciardo	2	102.472	99.451	105.493
Shanghai|Daniil Kvyat	27	101.094	98.698	117.697
Shanghai|Esteban Ocon	28	98.804	60.696	117.297
Shanghai|George Russell	27	102.003	100.083	119.142
Shanghai|Kevin Magnussen	27	101.543	99.588	119.151
Shanghai|Kimi Räikkönen	27	101.513	99.120	118.007
Shanghai|Lance Stroll	27	100.430	98.741	119.379
Shanghai|Lando Norris	28	98.805	55.633	117.977
Shanghai|Lewis Hamilton	28	98.805	79.271	116.635
Shanghai|Max Verstappen	28	98.804	76.279	116.525
Shanghai|Nicholas Latifi	27	102.464	84.898	120.023
Shanghai|Pierre Gasly	27	101.078	99.146	117.659
Shanghai|Romain Grosjean	24	102.111	99.818	121.418
Shanghai|Sebastian Vettel	28	98.804	76.660	116.000
Shanghai|Sergio Perez	27	100.699	98.802	117.597
Shanghai|Valtteri Bottas	28	98.805	94.469	114.037
Silverstone|Alexander Albon	26	92.295	80.192	114.878
Silverstone|Antonio Giovinazzi	25	94.263	91.663	116.249
Silverstone|Carlos Sainz	25	93.496	90.908	115.708
Silverstone|Charles Leclerc	26	92.295	82.187	115.443
Silverstone|Daniel Ricciardo	25	93.671	91.501	115.781
Silverstone|Daniil Kvyat	25	94.345	91.624	117.403
Silverstone|Esteban Ocon	25	93.483	91.667	117.076
Silverstone|George Russell	25	95.122	91.956	116.985
Silverstone|Kevin Magnussen	25	94.782	92.492	116.953
Silverstone|Kimi Räikkönen	25	94.011	91.329	118.234
Silverstone|Lance Stroll	25	93.535	91.403	116.280
Silverstone|Lando Norris	26	92.295	67.229	115.371
Silverstone|Lewis Hamilton	26	91.938	88.996	114.539
Silverstone|Max Verstappen	26	92.295	87.755	115.002
Silverstone|Nicholas Latifi	25	95.987	83.987	117.917
Silverstone|Pierre Gasly	25	94.462	91.646	118.433
Silverstone|Romain Grosjean	15	96.103	93.229	117.793
Silverstone|Sebastian Vettel	25	93.411	90.243	116.369
Silverstone|Sergio Perez	25	93.915	91.046	116.320
Silverstone|Valtteri Bottas	26	92.295	89.021	115.127
Sochi|Alexander Albon	26	100.298	97.565	120.858
Sochi|Antonio Giovinazzi	26	102.023	99.840	121.575
Sochi|Carlos Sainz	26	100.583	98.891	120.756
Sochi|Charles Leclerc	26	99.804	97.923	121.020
Sochi|Daniel Ricciardo	26	100.957	98.784	120.660
Sochi|Daniil Kvyat	26	102.039	99.013	127.093
Sochi|Esteban Ocon	26	101.045	99.094	120.676
Sochi|George Russell	26	102.244	81.946	121.731
Sochi|Kevin Magnussen	26	102.132	99.743	121.482
Sochi|Kimi Räikkönen	26	101.899	99.405	120.489
Sochi|Lance Stroll	26	101.061	98.051	118.279
Sochi|Lando Norris	26	101.009	98.950	120.711
Sochi|Lewis Hamilton	26	100.609	98.477	120.302
Sochi|Max Verstappen	26	99.833	97.819	121.414
Sochi|Nicholas Latifi	26	102.244	78.756	121.837
Sochi|Pierre Gasly	26	102.244	95.939	126.623
Sochi|Romain Grosjean	26	102.152	100.338	121.299
Sochi|Sebastian Vettel	26	99.661	97.666	118.460
Sochi|Sergio Perez	26	101.074	97.954	118.617
Sochi|Valtteri Bottas	27	98.457	95.034	118.189
Spa|Alexander Albon	22	109.873	87.714	123.742
Spa|Antonio Giovinazzi	20	112.891	105.848	125.703
Spa|Carlos Sainz	21	111.859	109.949	123.421
Spa|Charles Leclerc	22	109.873	96.141	122.354
Spa|Daniel Ricciardo	21	111.638	109.145	123.224
Spa|Daniil Kvyat	21	112.460	109.357	123.795
Spa|Esteban Ocon	21	113.639	108.974	148.145
Spa|George Russell	3	127.634	112.509	140.265
Spa|Kevin Magnussen	21	113.638	110.978	126.124
Spa|Kimi Räikkönen	21	112.382	109.562	124.163
Spa|Lance Stroll	21	112.025	109.852	124.016
Spa|Lando Norris	21	111.877	109.873	124.343
Spa|Lewis Hamilton	22	109.873	101.423	121.812
Spa|Max Verstappen	22	109.873	97.437	122.196
Spa|Nicholas Latifi	21	114.227	111.847	125.221
Spa|Pierre Gasly	21	113.097	109.518	130.262
Spa|Romain Grosjean	21	114.324	110.872	130.450
Spa|Sebastian Vettel	22	109.873	83.411	122.875
Spa|Sergio Perez	21	111.996	110.086	123.345
Spa|Valtteri Bottas	22	109.873	106.071	120.619
Suzuka|Alexander Albon	27	94.011	75.973	113.127
Suzuka|Antonio Giovinazzi	26	96.424	94.402	115.940
Suzuka|Carlos Sainz	26	95.957	93.927	114.701
Suzuka|Charles Leclerc	27	94.011	79.780	113.834
Suzuka|Daniel Ricciardo	26	95.084	92.406	114.641
Suzuka|Daniil Kvyat	26	96.275	93.506	115.157
Suzuka|Esteban Ocon	26	95.190	92.986	114.470
Suzuka|George Russell	26	97.518	94.948	115.959
Suzuka|Kevin Magnussen	26	97.375	94.954	116.843
Suzuka|Kimi Räikkönen	26	96.455	93.825	115.148
Suzuka|Lance Stroll	26	95.373	93.297	114.380
Suzuka|Lando Norris	26	95.355	93.594	114.115
Suzuka|Lewis Hamilton	27	93.747	91.228	112.831
Suzuka|Max Verstappen	27	94.011	89.644	114.784
Suzuka|Nicholas Latifi	26	97.627	93.368	116.604
Suzuka|Pierre Gasly	26	96.556	94.131	115.250
Suzuka|Romain Grosjean	26	96.827	94.571	115.984
Suzuka|Sebastian Vettel	27	94.011	76.408	113.478
Suzuka|Sergio Perez	10	95.202	94.165	99.589
Suzuka|Valtteri Bottas	27	94.011	90.612	111.730
Yas Marina|Alexander Albon	28	102.899	74.183	120.694
Yas Marina|Antonio Giovinazzi	27	105.166	101.273	120.930
Yas Marina|Carlos Sainz	28	102.899	69.010	120.047
Yas Marina|Charles Leclerc	28	102.899	72.079	120.844
Yas Marina|Daniel Ricciardo	27	104.551	100.564	121.060
Yas Marina|Daniil Kvyat	27	104.859	101.120	120.879
Yas Marina|Esteban Ocon	28	102.899	74.356	121.049
Yas Marina|George Russell	27	105.657	102.591	121.245
Yas Marina|Kevin Magnussen	27	105.586	102.076	121.489
Yas Marina|Kimi Räikkönen	27	105.390	101.207	120.953
Yas Marina|Lance Stroll	27	104.457	100.570	121.032
Yas Marina|Lando Norris	27	104.465	100.784	121.423
Yas Marina|Lewis Hamilton	28	102.899	92.530	118.864
Yas Marina|Max Verstappen	28	102.899	88.796	120.145
Yas Marina|Nicholas Latifi	27	106.502	103.664	121.848
Yas Marina|Pierre Gasly	27	105.269	101.944	121.563
Yas Marina|Romain Grosjean	27	105.313	102.081	121.563
Yas Marina|Sebastian Vettel	28	102.899	71.868	119.753
Yas Marina|Sergio Perez	27	104.570	100.632	121.681
Yas Marina|Valtteri Bottas	28	102.899	98.286	119.045
Zandvoort|Alexander Albon	36	75.636	54.724	89.765
Zandvoort|Antonio Giovinazzi	35	77.797	74.018	92.304
Zandvoort|Carlos Sainz	35	77.413	75.410	88.776
Zandvoort|Charles Leclerc	36	75.636	52.906	89.197
Zandvoort|Daniel Ricciardo	35	77.615	75.920	90.402
Zandvoort|Daniil Kvyat	35	77.628	75.963	91.416
Zandvoort|Esteban Ocon	35	77.402	76.321	90.955
Zandvoort|George Russell	34	78.603	77.208	91.069
Zandvoort|Kevin Magnussen	34	78.596	76.914	93.766
Zandvoort|Kimi Räikkönen	35	77.574	76.021	91.936
Zandvoort|Lance Stroll	35	77.390	76.352	91.207
Zandvoort|Lando Norris	35	77.429	74.747	88.541
Zandvoort|Lewis Hamilton	36	75.636	62.840	89.670
Zandvoort|Max Verstappen	36	75.636	62.462	88.853
Zandvoort|Nicholas Latifi	34	79.030	77.811	91.698
Zandvoort|Pierre Gasly	35	77.797	75.965	92.027
Zandvoort|Romain Grosjean	20	79.228	77.365	92.312
Zandvoort|Sebastian Vettel	36	75.636	63.241	90.483
Zandvoort|Sergio Perez	35	76.953	75.378	90.684
Zandvoort|Valtteri Bottas	36	75.636	73.272	89.093
