Austin|000	24469	1.000	1.000	1.000
Austin|050	149966	1.000	1.000	1.000
Austin|100	183037	1.000	1.000	1.000
Austin|150	221781	1.000	1.000	1.000
Austin|200	220838	1.000	1.000	1.000
Austin|250	247955	1.000	1.000	1.000
Austin|300	43925	1.000	1.000	1.000
Baku|000	1828	1.000	1.000	1.000
Baku|050	161019	1.000	1.000	1.000
Baku|100	240093	1.000	1.000	1.000
Baku|150	179821	1.000	1.000	1.000
Baku|200	172614	1.000	1.000	1.000
Baku|250	191266	1.000	1.000	1.000
Baku|300	153128	1.000	1.000	1.000
Brazil|000	1476	1.000	1.000	1.000
Brazil|050	87816	1.000	1.000	1.000
Brazil|100	202715	1.000	1.000	1.000
Brazil|150	180258	1.000	1.000	1.000
Brazil|200	197378	1.000	1.000	1.000
Brazil|250	220291	1.000	1.000	1.000
Brazil|300	110975	1.000	1.000	1.000
Catalunya|000	45739	1.000	1.000	1.000
Catalunya|050	81988	1.000	1.000	1.000
Catalunya|100	217758	1.000	1.000	1.000
Catalunya|150	210915	1.000	1.000	1.000
Catalunya|200	238336	1.000	1.000	1.000
Catalunya|250	203872	1.000	1.000	1.000
Catalunya|300	66478	1.000	1.000	1.000
Hanoi|000	50335	1.000	1.000	1.000
Hanoi|050	166992	1.000	1.000	1.000
Hanoi|100	207875	1.000	1.000	1.000
Hanoi|150	242577	1.000	1.000	1.000
Hanoi|200	164215	1.000	1.000	1.000
Hanoi|250	191971	1.000	1.000	1.000
Hanoi|300	154437	1.000	1.000	1.000
Hungaroring|000	95785	1.000	1.000	1.000
Hungaroring|050	69365	1.000	1.000	1.000
Hungaroring|100	279644	1.000	1.000	1.000
Hungaroring|150	246368	1.000	1.000	1.000
Hungaroring|200	243207	1.000	1.000	1.000
Hungaroring|250	167777	1.000	1.000	1.000
Hungaroring|300	20373	1.000	1.000	1.000
Marina Bay|000	1563	1.000	1.000	1.000
Marina Bay|050	188913	1.000	1.000	1.000
Marina Bay|100	389612	1.000	1.000	1.000
Marina Bay|150	278996	1.000	1.000	1.000
Marina Bay|200	215258	1.000	1.000	1.000
Marina Bay|250	155503	1.000	1.000	1.000
Marina Bay|300	12475	1.000	1.000	1.000
Melbourne|000	1823	1.000	1.000	1.000
Melbourne|050	61003	1.000	1.000	1.000
Melbourne|100	157640	1.000	1.000	1.000
Melbourne|150	195990	1.000	1.000	1.000
Melbourne|200	237428	1.000	1.000	1.000
Melbourne|250	315729	1.000	1.000	1.000
Melbourne|300	28596	1.000	1.000	1.000
Mexico|000	2109	1.000	1.000	1.000
Mexico|050	185525	1.000	1.000	1.000
Mexico|100	218321	1.000	1.000	1.000
Mexico|150	157602	1.000	1.000	1.000
Mexico|200	190941	1.000	1.000	1.000
Mexico|250	201530	1.000	1.000	1.000
Mexico|300	127241	1.000	1.000	1.000
Monaco|000	86968	1.000	1.000	1.000
Monaco|050	324071	1.000	1.000	1.000
Monaco|100	263541	1.000	1.000	1.000
Monaco|150	240179	1.000	1.000	1.000
Monaco|200	206298	1.000	1.000	1.000
Monaco|250	124424	1.000	1.000	1.000
Montreal|000	11517	1.000	1.000	1.000
Montreal|050	124971	1.000	1.000	1.000
Montreal|100	158087	1.000	1.000	1.000
Montreal|150	190391	1.000	1.000	1.000
Montreal|200	199959	1.000	1.000	1.000
Montreal|250	280665	1.000	1.000	1.000
Montreal|300	74449	1.000	1.000	1.000
Monza|000	76243	1.000	1.000	1.000
Monza|050	58055	1.000	1.000	1.000
Monza|100	49748	1.000	1.000	1.000
Monza|150	159054	1.000	1.000	1.000
Monza|200	150883	1.000	1.000	1.000
Monza|250	197319	1.000	1.000	1.000
Monza|300	229377	1.000	1.000	1.000
Paul Ricard|000	27130	1.000	1.000	1.000
Paul Ricard|050	62634	1.000	1.000	1.000
Paul Ricard|100	203364	1.000	1.000	1.000
Paul Ricard|150	192397	1.000	1.000	1.000
Paul Ricard|200	156337	1.000	1.000	1.000
Paul Ricard|250	240046	1.000	1.000	1.000
Paul Ricard|300	135680	1.000	1.000	1.000
RedBull Ring|000	2080	1.000	1.000	1.000
RedBull Ring|050	64922	1.000	1.000	1.000
RedBull Ring|100	89287	1.000	1.000	1.000
RedBull Ring|150	195429	1.000	1.000	1.000
RedBull Ring|200	238684	1.000	1.000	1.000
RedBull Ring|250	315210	1.000	1.000	1.000
RedBull Ring|300	49473	1.000	1.000	1.000
Sakhir|000	2660	1.000	1.000	1.000
Sakhir|050	110270	1.000	1.000	1.000
Sakhir|100	185714	1.000	1.000	1.000
Sakhir|150	211427	1.000	1.000	1.000
Sakhir|200	232480	1.000	1.000	1.000
Sakhir|250	279734	1.000	1.000	1.000
Sakhir|300	66176	1.000	1.000	1.000
Shanghai|000	55243	1.000	1.000	1.000
Shanghai|050	161923	1.000	1.000	1.000
Shanghai|100	176403	1.000	1.000	1.000
Shanghai|150	206697	1.000	1.000	1.000
Shanghai|200	191945	1.000	1.000	1.000
Shanghai|250	198056	1.000	1.000	1.000
Shanghai|300	93838	1.000	1.000	1.000
Silverstone|000	1448	1.000	1.000	1.000
Silverstone|050	53098	1.000	1.000	1.000
Silverstone|100	151586	1.000	1.000	1.000
Silverstone|150	118976	1.000	1.000	1.000
Silverstone|200	149438	1.000	1.000	1.000
Silverstone|250	368292	1.000	1.000	1.000
Silverstone|300	77032	1.000	1.000	1.000
Sochi|000	1363	1.000	1.000	1.000
Sochi|050	41962	1.000	1.000	1.000
Sochi|100	223142	1.000	1.000	1.000
Sochi|150	222300	1.000	1.000	1.000
Sochi|200	213838	1.000	1.000	1.000
Sochi|250	217639	1.000	1.000	1.000
Sochi|300	101021	1.000	1.000	1.000
Spa|000	2259	1.000	1.000	1.000
Spa|050	85233	1.000	1.000	1.000
Spa|100	92292	1.000	1.000	1.000
Spa|150	181221	1.000	1.000	1.000
Spa|200	144327	1.000	1.000	1.000
Spa|250	225390	1.000	1.000	1.000
Spa|300	194872	1.000	1.000	1.000
Suzuka|000	29568	1.000	1.000	1.000
Suzuka|050	60837	1.000	1.000	1.000
Suzuka|100	102629	1.000	1.000	1.000
Suzuka|150	222707	1.000	1.000	1.000
Suzuka|200	213656	1.000	1.000	1.000
Suzuka|250	255910	1.000	1.000	1.000
Suzuka|300	96360	1.000	1.000	1.000
Yas Marina|000	3034	1.000	1.000	1.000
Yas Marina|050	151625	1.000	1.000	1.000
Yas Marina|100	277033	1.000	1.000	1.000
Yas Marina|150	171690	1.000	1.000	1.000
Yas Marina|200	177505	1.000	1.000	1.000
Yas Marina|250	257533	1.000	1.000	1.000
Yas Marina|300	69817	1.000	1.000	1.000
Zandvoort|000	22960	1.000	1.000	1.000
Zandvoort|050	91503	1.000	1.000	1.000
Zandvoort|100	208331	1.000	1.000	1.000
Zandvoort|150	222033	1.000	1.000	1.000
Zandvoort|200	259139	1.000	1.000	1.000
Zandvoort|250	226853	1.000	1.000	1.000
Zandvoort|300	35957	1.000	1.000	1.000
