Austin|Alexander Albon	54726	195.196	1.000	315.000
Austin|Antonio Giovinazzi	54648	190.571	1.000	330.000
Austin|Carlos Sainz	54665	193.427	1.000	324.000
Austin|Charles Leclerc	54667	193.729	1.000	327.000
Austin|Daniel Ricciardo	53187	110.547	1.000	329.000
Austin|Daniil Kvyat	54653	190.923	1.000	330.000
Austin|Esteban Ocon	54662	191.505	1.000	328.000
Austin|George Russell	54675	188.962	1.000	323.000
Austin|Kevin Magnussen	54649	191.976	1.000	321.000
Austin|Kimi Räikkönen	54655	190.597	2.000	330.000
Austin|Lance Stroll	54722	192.275	1.000	325.000
Austin|Lando Norris	54663	191.419	1.000	327.000
Austin|Lewis Hamilton	54720	195.836	2.000	330.000
Austin|Max Verstappen	54721	195.502	1.000	323.000
Austin|Nicholas Latifi	54574	186.185	1.000	313.000
Austin|Pierre Gasly	54665	191.424	1.000	326.000
Austin|Romain Grosjean	54627	191.211	1.000	322.000
Austin|Sebastian Vettel	54665	194.757	1.000	327.000
Austin|Sergio Perez	54715	194.432	1.000	323.000
Austin|Valtteri Bottas	54712	196.732	1.000	325.000
Baku|Alexander Albon	55021	196.048	1.000	336.000
Baku|Antonio Giovinazzi	54972	195.036	1.000	335.000
Baku|Carlos Sainz	54998	195.440	1.000	339.000
Baku|Charles Leclerc	54961	195.486	1.000	342.000
Baku|Daniel Ricciardo	55019	196.360	1.000	338.000
Baku|Daniil Kvyat	54824	192.373	2.000	324.000
Baku|Esteban Ocon	54947	195.148	1.000	340.000
Baku|George Russell	55022	192.729	2.000	331.000
Baku|Kevin Magnussen	55010	194.341	1.000	333.000
Baku|Kimi Räikkönen	55015	195.218	1.000	335.000
Baku|Lance Stroll	55015	195.935	1.000	337.000
Baku|Lando Norris	55020	194.525	2.000	337.000
Baku|Lewis Hamilton	55023	196.672	1.000	333.000
Baku|Max Verstappen	55023	195.496	1.000	336.000
Baku|Nicholas Latifi	55024	192.431	1.000	326.000
Baku|Pierre Gasly	55012	194.256	1.000	339.000
Baku|Romain Grosjean	55019	193.604	1.000	332.000
Baku|Sebastian Vettel	55016	196.420	1.000	342.000
Baku|Sergio Perez	54871	195.337	1.000	332.000
Baku|Valtteri Bottas	54957	199.264	1.000	342.000
Brazil|Alexander Albon	50055	204.966	1.000	323.000
Brazil|Antonio Giovinazzi	50044	201.393	1.000	334.000
Brazil|Carlos Sainz	50044	203.699	2.000	328.000
Brazil|Charles Leclerc	50046	205.617	1.000	334.000
Brazil|Daniel Ricciardo	50052	204.942	1.000	325.000
Brazil|Daniil Kvyat	50040	202.531	1.000	332.000
Brazil|Esteban Ocon	50048	204.863	1.000	327.000
Brazil|George Russell	50056	199.941	1.000	322.000
Brazil|Kevin Magnussen	50046	200.970	2.000	322.000
Brazil|Kimi Räikkönen	50047	202.080	1.000	334.000
Brazil|Lance Stroll	50051	203.089	1.000	327.000
Brazil|Lando Norris	50050	202.384	1.000	329.000
Brazil|Lewis Hamilton	50033	206.340	1.000	325.000
Brazil|Max Verstappen	50058	205.897	1.000	321.000
Brazil|Nicholas Latifi	50054	196.536	1.000	319.000
Brazil|Pierre Gasly	50053	202.503	1.000	331.000
Brazil|Romain Grosjean	50042	200.546	1.000	328.000
Brazil|Sebastian Vettel	50050	205.534	2.000	330.000
Brazil|Sergio Perez	50052	203.545	2.000	329.000
Brazil|Valtteri Bottas	49988	208.037	1.000	327.000
Catalunya|Alexander Albon	53342	199.677	1.000	330.000
Catalunya|Antonio Giovinazzi	53341	196.392	1.000	329.000
Catalunya|Carlos Sainz	53343	199.143	1.000	327.000
Catalunya|Charles Leclerc	53275	199.593	1.000	335.000
Catalunya|Daniel Ricciardo	53331	198.918	2.000	333.000
Catalunya|Daniil Kvyat	53337	196.341	1.000	330.000
Catalunya|Esteban Ocon	53344	196.320	1.000	326.000
Catalunya|George Russell	53343	193.838	1.000	321.000
Catalunya|Kevin Magnussen	53333	195.733	1.000	318.000
Catalunya|Kimi Räikkönen	53329	196.269	1.000	328.000
Catalunya|Lance Stroll	53324	198.900	1.000	325.000
Catalunya|Lando Norris	51919	30.205	1.000	324.000
Catalunya|Lewis Hamilton	53306	199.934	1.000	331.000
Catalunya|Max Verstappen	53290	199.225	1.000	332.000
Catalunya|Nicholas Latifi	53343	192.647	1.000	318.000
Catalunya|Pierre Gasly	53341	196.413	1.000	332.000
Catalunya|Romain Grosjean	53343	196.537	2.000	328.000
Catalunya|Sebastian Vettel	53343	200.689	1.000	326.000
Catalunya|Sergio Perez	53339	198.693	2.000	330.000
Catalunya|Valtteri Bottas	53220	199.818	1.000	327.000
Hanoi|Alexander Albon	58964	191.856	1.000	325.000
Hanoi|Antonio Giovinazzi	58941	192.546	1.000	335.000
Hanoi|Carlos Sainz	58957	193.978	1.000	334.000
Hanoi|Charles Leclerc	58958	192.895	1.000	332.000
Hanoi|Daniel Ricciardo	58958	192.970	1.000	333.000
Hanoi|Daniil Kvyat	58945	192.357	1.000	336.000
Hanoi|Esteban Ocon	58947	193.649	1.000	338.000
Hanoi|George Russell	58959	188.386	2.000	323.000
Hanoi|Kevin Magnussen	58938	191.647	1.000	329.000
Hanoi|Kimi Räikkönen	58949	192.430	2.000	335.000
Hanoi|Lance Stroll	58888	193.142	1.000	336.000
Hanoi|Lando Norris	58954	193.562	1.000	334.000
Hanoi|Lewis Hamilton	58894	194.546	1.000	334.000
Hanoi|Max Verstappen	58965	194.009	1.000	334.000
Hanoi|Nicholas Latifi	58964	184.888	1.000	320.000
Hanoi|Pierre Gasly	58948	191.853	1.000	337.000
Hanoi|Romain Grosjean	58565	55.145	2.000	325.000
Hanoi|Sebastian Vettel	58825	194.038	1.000	335.000
Hanoi|Sergio Perez	58928	193.464	1.000	335.000
Hanoi|Valtteri Bottas	58955	194.847	1.000	335.000
Hungaroring|Alexander Albon	56284	187.306	1.000	315.000
Hungaroring|Antonio Giovinazzi	56254	183.066	1.000	318.000
Hungaroring|Carlos Sainz	54952	20.074	1.000	310.000
Hungaroring|Charles Leclerc	56214	187.117	1.000	328.000
Hungaroring|Daniel Ricciardo	56272	185.318	1.000	325.000
Hungaroring|Daniil Kvyat	56271	185.230	1.000	316.000
Hungaroring|Esteban Ocon	56281	186.808	2.000	316.000
Hungaroring|George Russell	56228	182.635	1.000	313.000
Hungaroring|Kevin Magnussen	56270	183.869	2.000	315.000
Hungaroring|Kimi Räikkönen	56278	183.847	2.000	317.000
Hungaroring|Lance Stroll	56279	185.403	1.000	325.000
Hungaroring|Lando Norris	56280	184.169	1.000	317.000
Hungaroring|Lewis Hamilton	56274	188.916	1.000	327.000
Hungaroring|Max Verstappen	54868	36.221	2.000	314.000
Hungaroring|Nicholas Latifi	56285	182.337	1.000	310.000
Hungaroring|Pierre Gasly	56275	183.064	1.000	320.000
Hungaroring|Romain Grosjean	56277	184.196	1.000	310.000
Hungaroring|Sebastian Vettel	56280	187.826	1.000	321.000
Hungaroring|Sergio Perez	56276	185.192	2.000	314.000
Hungaroring|Valtteri Bottas	56121	190.447	1.000	321.000
Marina Bay|Alexander Albon	64290	166.623	1.000	320.000
Marina Bay|Antonio Giovinazzi	64280	165.514	1.000	314.000
Marina Bay|Carlos Sainz	64353	166.814	2.000	314.000
Marina Bay|Charles Leclerc	64352	168.926	1.000	312.000
Marina Bay|Daniel Ricciardo	64348	166.955	1.000	318.000
Marina Bay|Daniil Kvyat	64349	165.811	1.000	320.000
Marina Bay|Esteban Ocon	57231	165.778	2.000	313.000
Marina Bay|George Russell	64353	164.976	1.000	310.000
Marina Bay|Kevin Magnussen	64301	165.943	1.000	311.000
Marina Bay|Kimi Räikkönen	64345	165.662	1.000	316.000
Marina Bay|Lance Stroll	64350	166.720	1.000	312.000
Marina Bay|Lando Norris	64353	166.977	1.000	313.000
Marina Bay|Lewis Hamilton	64293	165.418	1.000	321.000
Marina Bay|Max Verstappen	64294	169.402	2.000	311.000
Marina Bay|Nicholas Latifi	64352	163.914	1.000	308.000
Marina Bay|Pierre Gasly	64345	164.995	1.000	316.000
Marina Bay|Romain Grosjean	64287	165.094	1.000	317.000
Marina Bay|Sebastian Vettel	64348	168.537	1.000	313.000
Marina Bay|Sergio Perez	27281	163.653	1.000	311.000
Marina Bay|Valtteri Bottas	64215	170.066	1.000	308.000
Melbourne|Alexander Albon	51791	211.744	1.000	315.000
Melbourne|Antonio Giovinazzi	51716	207.087	1.000	318.000
Melbourne|Carlos Sainz	51792	210.166	2.000	320.000
Melbourne|Charles Leclerc	51778	210.997	1.000	319.000
Melbourne|Daniel Ricciardo	51790	208.898	2.000	315.000
Melbourne|Daniil Kvyat	51779	208.205	1.000	317.000
Melbourne|Esteban Ocon	51790	209.873	1.000	322.000
Melbourne|George Russell	51794	204.082	1.000	312.000
Melbourne|Kevin Magnussen	51768	207.313	2.000	315.000
Melbourne|Kimi Räikkönen	51721	207.596	1.000	320.000
Melbourne|Lance Stroll	51770	210.222	1.000	321.000
Melbourne|Lando Norris	51793	210.608	1.000	316.000
Melbourne|Lewis Hamilton	35737	210.361	1.000	320.000
Melbourne|Max Verstappen	51794	213.270	1.000	309.000
Melbourne|Nicholas Latifi	51792	203.928	1.000	308.000
Melbourne|Pierre Gasly	30556	204.559	1.000	319.000
Melbourne|Romain Grosjean	51747	206.752	1.000	317.000
Melbourne|Sebastian Vettel	51782	212.129	2.000	313.000
Melbourne|Sergio Perez	51786	209.513	1.000	322.000
Melbourne|Valtteri Bottas	51733	213.181	1.000	319.000
Mexico|Alexander Albon	58795	195.227	1.000	328.000
Mexico|Antonio Giovinazzi	58800	192.098	1.000	336.000
Mexico|Carlos Sainz	58795	193.634	1.000	338.000
Mexico|Charles Leclerc	58807	195.173	1.000	335.000
Mexico|Daniel Ricciardo	58798	193.893	1.000	331.000
Mexico|Daniil Kvyat	58798	188.925	1.000	333.000
Mexico|Esteban Ocon	58790	193.182	1.000	335.000
Mexico|George Russell	58803	186.960	1.000	330.000
Mexico|Kevin Magnussen	58751	189.580	1.000	333.000
Mexico|Kimi Räikkönen	18516	182.913	2.000	340.000
Mexico|Lance Stroll	58777	193.046	1.000	330.000
Mexico|Lando Norris	58796	193.579	1.000	337.000
Mexico|Lewis Hamilton	58794	195.443	1.000	334.000
Mexico|Max Verstappen	6514	186.460	2.000	331.000
Mexico|Nicholas Latifi	58806	186.895	2.000	322.000
Mexico|Pierre Gasly	58793	190.745	1.000	336.000
Mexico|Romain Grosjean	58756	188.279	1.000	329.000
Mexico|Sebastian Vettel	58801	195.390	1.000	339.000
Mexico|Sergio Perez	58785	193.304	1.000	337.000
Mexico|Valtteri Bottas	58794	196.437	1.000	338.000
Monaco|Alexander Albon	62296	152.769	1.000	288.000
Monaco|Antonio Giovinazzi	62290	146.593	1.000	288.000
Monaco|Carlos Sainz	62298	148.857	2.000	284.000
Monaco|Charles Leclerc	62295	152.285	1.000	289.000
Monaco|Daniel Ricciardo	62292	150.092	1.000	290.000
Monaco|Daniil Kvyat	62288	146.518	1.000	285.000
Monaco|Esteban Ocon	62171	148.878	1.000	288.000
Monaco|George Russell	62298	146.181	1.000	288.000
Monaco|Kevin Magnussen	62285	148.988	1.000	284.000
Monaco|Kimi Räikkönen	62290	149.002	1.000	287.000
Monaco|Lance Stroll	62288	149.596	2.000	288.000
Monaco|Lando Norris	62293	149.503	1.000	286.000
Monaco|Lewis Hamilton	62244	152.093	1.000	291.000
Monaco|Max Verstappen	62297	152.021	1.000	286.000
Monaco|Nicholas Latifi	62163	59.344	1.000	282.000
Monaco|Pierre Gasly	62295	146.481	1.000	287.000
Monaco|Romain Grosjean	62288	148.833	1.000	284.000
Monaco|Sebastian Vettel	62294	151.803	1.000	292.000
Monaco|Sergio Perez	62285	148.189	1.000	289.000
Monaco|Valtteri Bottas	62231	151.948	1.000	287.000
Montreal|Alexander Albon	52072	202.930	1.000	321.000
Montreal|Antonio Giovinazzi	52066	200.851	1.000	330.000
Montreal|Carlos Sainz	52073	202.955	1.000	327.000
Montreal|Charles Leclerc	52075	203.647	1.000	334.000
Montreal|Daniel Ricciardo	52076	203.581	1.000	332.000
Montreal|Daniil Kvyat	52069	201.306	1.000	329.000
Montreal|Esteban Ocon	52076	202.064	1.000	332.000
Montreal|George Russell	52035	199.532	1.000	326.000
Montreal|Kevin Magnussen	52063	201.060	1.000	319.000
Montreal|Kimi Räikkönen	52066	201.458	1.000	331.000
Montreal|Lance Stroll	50869	165.016	1.000	328.000
Montreal|Lando Norris	52075	201.983	1.000	330.000
Montreal|Lewis Hamilton	52070	206.192	1.000	332.000
Montreal|Max Verstappen	52059	203.839	1.000	326.000
Montreal|Nicholas Latifi	52074	200.192	1.000	327.000
Montreal|Pierre Gasly	52065	200.510	1.000	327.000
Montreal|Romain Grosjean	52038	200.387	1.000	323.000
Montreal|Sebastian Vettel	52050	203.631	2.000	334.000
Montreal|Sergio Perez	51999	202.623	1.000	328.000
Montreal|Valtteri Bottas	52069	205.558	1.000	336.000
Monza|Alexander Albon	45709	76.586	1.000	336.000
Monza|Antonio Giovinazzi	45531	232.961	1.000	343.000
Monza|Carlos Sainz	46323	237.017	1.000	341.000
Monza|Charles Leclerc	46327	239.263	1.000	331.000
Monza|Daniel Ricciardo	45754	235.756	1.000	342.000
Monza|Daniil Kvyat	46197	234.507	1.000	339.000
Monza|Esteban Ocon	46315	237.409	2.000	341.000
Monza|George Russell	44742	216.860	1.000	336.000
Monza|Kevin Magnussen	45761	230.888	1.000	332.000
Monza|Kimi Räikkönen	45850	233.299	1.000	344.000
Monza|Lance Stroll	46317	236.630	1.000	341.000
Monza|Lando Norris	46320	236.550	1.000	340.000
Monza|Lewis Hamilton	46321	240.615	1.000	340.000
Monza|Max Verstappen	46322	240.275	1.000	329.000
Monza|Nicholas Latifi	45870	229.883	1.000	337.000
Monza|Pierre Gasly	46115	234.146	1.000	337.000
Monza|Romain Grosjean	46099	231.848	1.000	335.000
Monza|Sebastian Vettel	46163	31.769	2.000	338.000
Monza|Sergio Perez	46325	236.435	1.000	340.000
Monza|Valtteri Bottas	46318	241.205	1.000	346.000
Paul Ricard|Alexander Albon	50951	210.548	2.000	320.000
Paul Ricard|Antonio Giovinazzi	50942	207.812	1.000	336.000
Paul Ricard|Carlos Sainz	50944	209.662	2.000	333.000
Paul Ricard|Charles Leclerc	50951	212.018	2.000	335.000
Paul Ricard|Daniel Ricciardo	50948	209.781	1.000	337.000
Paul Ricard|Daniil Kvyat	50936	208.860	1.000	336.000
Paul Ricard|Esteban Ocon	50944	210.046	1.000	333.000
Paul Ricard|George Russell	50954	205.695	2.000	326.000
Paul Ricard|Kevin Magnussen	50940	207.406	2.000	329.000
Paul Ricard|Kimi Räikkönen	50941	208.427	2.000	339.000
Paul Ricard|Lance Stroll	50943	209.232	1.000	327.000
Paul Ricard|Lando Norris	50940	209.534	1.000	330.000
Paul Ricard|Lewis Hamilton	50943	212.452	1.000	334.000
Paul Ricard|Max Verstappen	50953	211.801	1.000	321.000
Paul Ricard|Nicholas Latifi	50951	204.175	1.000	318.000
Paul Ricard|Pierre Gasly	50949	208.288	1.000	335.000
Paul Ricard|Romain Grosjean	49665	101.744	2.000	317.000
Paul Ricard|Sebastian Vettel	50923	211.990	1.000	333.000
Paul Ricard|Sergio Perez	50938	209.558	1.000	328.000
Paul Ricard|Valtteri Bottas	50932	214.254	1.000	332.000
RedBull Ring|Alexander Albon	49597	219.251	1.000	316.000
RedBull Ring|Antonio Giovinazzi	49575	214.935	1.000	321.000
RedBull Ring|Carlos Sainz	49561	217.966	2.000	319.000
RedBull Ring|Charles Leclerc	49588	218.855	1.000	316.000
RedBull Ring|Daniel Ricciardo	49588	219.654	1.000	326.000
RedBull Ring|Daniil Kvyat	49580	216.166	2.000	320.000
RedBull Ring|Esteban Ocon	49586	216.881	1.000	320.000
RedBull Ring|George Russell	49489	210.428	1.000	313.000
RedBull Ring|Kevin Magnussen	49585	213.979	1.000	313.000
RedBull Ring|Kimi Räikkönen	49587	215.646	1.000	323.000
RedBull Ring|Lance Stroll	49588	217.003	1.000	318.000
RedBull Ring|Lando Norris	49591	216.580	1.000	321.000
RedBull Ring|Lewis Hamilton	49585	220.510	1.000	322.000
RedBull Ring|Max Verstappen	49592	220.654	1.000	311.000
RedBull Ring|Nicholas Latifi	13032	207.312	1.000	312.000
RedBull Ring|Pierre Gasly	49588	214.930	1.000	318.000
RedBull Ring|Romain Grosjean	49593	214.210	1.000	314.000
RedBull Ring|Sebastian Vettel	49593	220.045	2.000	324.000
RedBull Ring|Sergio Perez	49592	217.336	1.000	320.000
RedBull Ring|Valtteri Bottas	49595	222.209	2.000	322.000
Sakhir|Alexander Albon	54541	201.956	1.000	324.000
Sakhir|Antonio Giovinazzi	54533	198.943	1.000	329.000
Sakhir|Carlos Sainz	54534	201.254	2.000	334.000
Sakhir|Charles Leclerc	54533	203.304	1.000	330.000
Sakhir|Daniel Ricciardo	52389	201.799	1.000	332.000
Sakhir|Daniil Kvyat	54531	199.806	1.000	330.000
Sakhir|Esteban Ocon	54527	202.305	1.000	329.000
Sakhir|George Russell	54540	198.919	1.000	329.000
Sakhir|Kevin Magnussen	54536	199.667	1.000	328.000
Sakhir|Kimi Räikkönen	54469	199.328	1.000	329.000
Sakhir|Lance Stroll	54541	201.560	1.000	331.000
Sakhir|Lando Norris	54544	201.890	1.000	333.000
Sakhir|Lewis Hamilton	54538	204.640	2.000	331.000
Sakhir|Max Verstappen	54543	204.021	2.000	322.000
Sakhir|Nicholas Latifi	54506	198.037	1.000	323.000
Sakhir|Pierre Gasly	54529	199.241	2.000	333.000
Sakhir|Romain Grosjean	54531	199.150	1.000	327.000
Sakhir|Sebastian Vettel	54540	202.708	1.000	332.000
Sakhir|Sergio Perez	54519	201.337	1.000	324.000
Sakhir|Valtteri Bottas	54537	205.044	1.000	332.000
Shanghai|Alexander Albon	54255	193.115	1.000	333.000
Shanghai|Antonio Giovinazzi	54243	189.514	2.000	336.000
Shanghai|Carlos Sainz	54252	192.006	2.000	335.000
Shanghai|Charles Leclerc	54258	192.800	1.000	330.000
Shanghai|Daniel Ricciardo	54011	21.517	2.000	321.000
Shanghai|Daniil Kvyat	54249	190.649	1.000	337.000
Shanghai|Esteban Ocon	54253	191.996	1.000	330.000
Shanghai|George Russell	54245	189.302	2.000	323.000
Shanghai|Kevin Magnussen	54246	189.618	1.000	328.000
Shanghai|Kimi Räikkönen	54245	189.820	1.000	336.000
Shanghai|Lance Stroll	54237	192.000	1.000	330.000
Shanghai|Lando Norris	54260	192.007	2.000	331.000
Shanghai|Lewis Hamilton	54229	193.896	1.000	334.000
Shanghai|Max Verstappen	54256	192.850	1.000	329.000
Shanghai|Nicholas Latifi	54254	187.774	2.000	314.000
Shanghai|Pierre Gasly	54254	190.719	1.000	337.000
Shanghai|Romain Grosjean	53611	171.996	1.000	320.000
Shanghai|Sebastian Vettel	54253	193.333	1.000	334.000
Shanghai|Sergio Perez	54247	191.781	1.000	321.000
Shanghai|Valtteri Bottas	54247	195.218	1.000	334.000
Silverstone|Alexander Albon	46843	225.035	1.000	325.000
Silverstone|Antonio Giovinazzi	46835	220.788	2.000	326.000
Silverstone|Carlos Sainz	46840	223.503	1.000	325.000
Silverstone|Charles Leclerc	46844	225.425	1.000	331.000
Silverstone|Daniel Ricciardo	46848	222.774	1.000	325.000
Silverstone|Daniil Kvyat	46838	220.305	1.000	323.000
Silverstone|Esteban Ocon	46834	223.622	2.000	323.000
Silverstone|George Russell	46843	218.983	1.000	317.000
Silverstone|Kevin Magnussen	46841	219.513	2.000	313.000
Silverstone|Kimi Räikkönen	46806	220.781	1.000	328.000
Silverstone|Lance Stroll	46835	223.654	1.000	319.000
Silverstone|Lando Norris	46840	223.931	1.000	324.000
Silverstone|Lewis Hamilton	46844	226.237	1.000	319.000
Silverstone|Max Verstappen	46844	225.927	1.000	325.000
Silverstone|Nicholas Latifi	46840	215.974	2.000	313.000
Silverstone|Pierre Gasly	46816	220.903	1.000	329.000
Silverstone|Romain Grosjean	29960	216.484	1.000	318.000
Silverstone|Sebastian Vettel	46844	223.948	1.000	330.000
Silverstone|Sergio Perez	46837	222.164	1.000	317.000
Silverstone|Valtteri Bottas	46838	226.554	1.000	333.000
Sochi|Alexander Albon	51055	207.035	1.000	323.000
Sochi|Antonio Giovinazzi	51072	203.360	1.000	335.000
Sochi|Carlos Sainz	51057	206.440	1.000	335.000
Sochi|Charles Leclerc	51078	207.931	1.000	333.000
Sochi|Daniel Ricciardo	51075	205.725	2.000	333.000
Sochi|Daniil Kvyat	50957	203.835	2.000	336.000
Sochi|Esteban Ocon	51080	205.468	1.000	332.000
Sochi|George Russell	51083	201.849	1.000	330.000
Sochi|Kevin Magnussen	51080	202.986	2.000	324.000
Sochi|Kimi Räikkönen	51075	203.716	1.000	339.000
Sochi|Lance Stroll	51078	205.627	2.000	333.000
Sochi|Lando Norris	51074	205.580	1.000	331.000
Sochi|Lewis Hamilton	51077	206.336	1.000	334.000
Sochi|Max Verstappen	51083	207.886	1.000	329.000
Sochi|Nicholas Latifi	51082	201.586	2.000	330.000
Sochi|Pierre Gasly	50964	203.080	1.000	332.000
Sochi|Romain Grosjean	51071	203.020	2.000	332.000
Sochi|Sebastian Vettel	51077	208.426	1.000	337.000
Sochi|Sergio Perez	51071	205.714	1.000	336.000
Sochi|Valtteri Bottas	51076	210.390	2.000	329.000
Spa|Alexander Albon	48418	224.597	1.000	324.000
Spa|Antonio Giovinazzi	45395	219.112	1.000	334.000
Spa|Carlos Sainz	48441	223.538	1.000	337.000
Spa|Charles Leclerc	48439	225.791	1.000	333.000
Spa|Daniel Ricciardo	48441	224.123	1.000	332.000
Spa|Daniil Kvyat	48439	220.408	1.000	332.000
Spa|Esteban Ocon	48060	221.240	1.000	327.000
Spa|George Russell	8959	198.906	2.000	314.000
Spa|Kevin Magnussen	48435	218.757	1.000	317.000
Spa|Kimi Räikkönen	48441	220.750	1.000	338.000
Spa|Lance Stroll	48440	223.274	1.000	327.000
Spa|Lando Norris	48439	223.375	1.000	332.000
Spa|Lewis Hamilton	48446	226.520	1.000	337.000
Spa|Max Verstappen	48450	226.315	1.000	330.000
Spa|Nicholas Latifi	48454	216.835	1.000	316.000
Spa|Pierre Gasly	48322	219.970	1.000	335.000
Spa|Romain Grosjean	48235	218.772	1.000	321.000
Spa|Sebastian Vettel	48451	223.789	1.000	323.000
Spa|Sergio Perez	48445	223.364	1.000	330.000
Spa|Valtteri Bottas	48444	227.325	1.000	338.000
Suzuka|Alexander Albon	49149	218.194	1.000	332.000
Suzuka|Antonio Giovinazzi	49148	214.778	1.000	328.000
Suzuka|Carlos Sainz	49147	215.711	1.000	327.000
Suzuka|Charles Leclerc	49142	218.838	1.000	332.000
Suzuka|Daniel Ricciardo	49147	217.827	1.000	330.000
Suzuka|Daniil Kvyat	49143	215.334	1.000	331.000
Suzuka|Esteban Ocon	49143	217.503	1.000	324.000
Suzuka|George Russell	49155	211.810	2.000	324.000
Suzuka|Kevin Magnussen	49139	212.670	1.000	316.000
Suzuka|Kimi Räikkönen	49144	214.793	1.000	333.000
Suzuka|Lance Stroll	49149	216.586	1.000	331.000
Suzuka|Lando Norris	49150	216.666	2.000	329.000
Suzuka|Lewis Hamilton	49148	220.015	1.000	319.000
Suzuka|Max Verstappen	49148	219.031	1.000	327.000
Suzuka|Nicholas Latifi	49153	211.194	1.000	317.000
Suzuka|Pierre Gasly	49141	214.677	1.000	331.000
Suzuka|Romain Grosjean	49149	213.709	1.000	320.000
Suzuka|Sebastian Vettel	49148	217.964	1.000	326.000
Suzuka|Sergio Perez	47878	88.644	1.000	331.000
Suzuka|Valtteri Bottas	49146	220.281	2.000	322.000
Yas Marina|Alexander Albon	55413	189.214	1.000	329.000
Yas Marina|Antonio Giovinazzi	55421	187.154	1.000	328.000
Yas Marina|Carlos Sainz	55426	188.987	1.000	329.000
Yas Marina|Charles Leclerc	55420	189.012	1.000	330.000
Yas Marina|Daniel Ricciardo	55414	188.528	1.000	329.000
Yas Marina|Daniil Kvyat	55424	187.999	1.000	328.000
Yas Marina|Esteban Ocon	55411	189.175	1.000	332.000
Yas Marina|George Russell	55431	185.724	1.000	318.000
Yas Marina|Kevin Magnussen	55418	186.053	1.000	327.000
Yas Marina|Kimi Räikkönen	55352	187.106	1.000	333.000
Yas Marina|Lance Stroll	55417	188.386	1.000	331.000
Yas Marina|Lando Norris	55383	188.712	1.000	327.000
Yas Marina|Lewis Hamilton	55419	190.388	1.000	333.000
Yas Marina|Max Verstappen	55428	190.151	1.000	329.000
Yas Marina|Nicholas Latifi	55434	185.039	2.000	321.000
Yas Marina|Pierre Gasly	55411	187.185	1.000	325.000
Yas Marina|Romain Grosjean	55420	187.183	2.000	322.000
Yas Marina|Sebastian Vettel	55367	189.338	1.000	332.000
Yas Marina|Sergio Perez	55416	188.298	1.000	329.000
Yas Marina|Valtteri Bottas	55412	191.419	1.000	324.000
Zandvoort|Alexander Albon	53370	198.113	1.000	318.000
Zandvoort|Antonio Giovinazzi	53342	192.626	1.000	324.000
Zandvoort|Carlos Sainz	53373	194.636	1.000	324.000
Zandvoort|Charles Leclerc	53366	198.121	2.000	319.000
Zandvoort|Daniel Ricciardo	53362	194.223	1.000	325.000
Zandvoort|Daniil Kvyat	53359	194.040	1.000	325.000
Zandvoort|Esteban Ocon	53358	194.841	2.000	323.000
Zandvoort|George Russell	53372	191.294	1.000	321.000
Zandvoort|Kevin Magnussen	53341	191.611	1.000	312.000
Zandvoort|Kimi Räikkönen	53364	194.452	1.000	325.000
Zandvoort|Lance Stroll	53366	195.259	1.000	315.000
Zandvoort|Lando Norris	53362	194.928	1.000	322.000
Zandvoort|Lewis Hamilton	53367	199.074	1.000	326.000
Zandvoort|Max Verstappen	53368	199.291	1.000	322.000
Zandvoort|Nicholas Latifi	53370	190.595	2.000	310.000
Zandvoort|Pierre Gasly	53352	192.857	1.000	323.000
Zandvoort|Romain Grosjean	52898	113.094	1.000	313.000
Zandvoort|Sebastian Vettel	53351	198.996	2.000	326.000
Zandvoort|Sergio Perez	53370	196.269	1.000	314.000
Zandvoort|Valtteri Bottas	53365	200.154	2.000	327.000
