Baku	1099769	195.106	1.000	342.000
Hanoi	1178402	185.651	1.000	338.000
Melbourne	753190	208.155	1.000	322.000
Mexico	69270	194.528	55.000	335.000
Monaco	1245481	145.006	1.000	292.000
Monza	160218	212.307	2.000	346.000
Paul Ricard	758305	205.392	1.000	339.000
Shanghai	1084105	182.137	1.000	337.000
Suzuka	981667	209.968	1.000	333.000
Yas Marina	1108237	188.252	1.000	333.000
Zandvoort	1066776	191.258	1.000	327.000
Austin	1091971	188.468	1.000	330.000
Brazil	1000909	203.270	1.000	334.000
Catalunya	1065086	189.474	1.000	335.000
Hungaroring	1122519	169.991	1.000	328.000
Marina Bay	485709	165.950	1.000	320.000
Montreal	762815	201.054	1.000	336.000
RedBull Ring	955085	217.088	1.000	326.000
Sakhir	1088461	201.245	1.000	334.000
Silverstone	919870	222.433	1.000	333.000
Sochi	763897	204.416	1.000	339.000
Spa	925594	222.303	1.000	338.000
