Alexander Albon	611	89.449	68.981	123.742	12.470
Antonio Giovinazzi	614	90.807	65.945	125.703	12.415
Carlos Sainz	595	90.466	69.395	123.421	12.576
Charles Leclerc	627	89.075	68.456	122.354	12.242
Daniel Ricciardo	587	89.360	68.968	123.224	12.541
Daniil Kvyat	620	90.728	70.110	123.795	12.478
Esteban Ocon	618	89.793	69.847	122.186	12.146
George Russell	588	91.066	66.535	123.168	11.981
Kevin Magnussen	618	91.223	70.414	126.124	12.442
Kimi Räikkönen	595	91.037	69.990	124.163	12.610
Lance Stroll	617	90.272	69.834	124.016	12.272
Lando Norris	597	90.495	69.655	124.343	12.401
Lewis Hamilton	629	88.792	63.296	121.812	12.430
Max Verstappen	578	89.531	63.703	122.330	12.541
Nicholas Latifi	561	93.631	66.977	125.221	12.105
Pierre Gasly	605	90.897	65.647	121.856	12.529
Romain Grosjean	555	90.668	70.736	125.570	12.450
Sebastian Vettel	605	89.241	68.998	122.875	12.485
Sergio Perez	590	89.464	69.597	123.345	12.301
Valtteri Bottas	646	88.605	67.327	122.491	12.257
